station,city,latitude,longitude,PM2.5,PM10,NO2,SO2,CO,overall_aqi,temperature_2m,relative_humidity_2m,wind_speed_10m,wind_direction_10m,surface_pressure,hour,target_aqi_next_6h,timestamp
"32Bungalows, Bhilai - CECB",Bhilai,21.19,81.31,32.0,75.0,0.0,9.0,43.0,75.0,28.9,37,6.6,77,981.1,12,75.0,2026-02-13T12:17:06.460076
"AIIMS, Raipur - CECB",Raipur,21.26,81.58,0.0,0.0,0.0,6.0,59.0,59.0,29.1,34,5.5,79,982.5,12,59.0,2026-02-13T12:17:06.460076
"Adarsh Nagar, Jaipur - RSPCB",Jaipur,26.9,75.84,158.0,0.0,42.0,23.0,60.0,158.0,25.9,29,8.1,257,963.9,12,158.0,2026-02-13T12:17:06.460076
"Airport Area, Indore - IMC",Indore,22.73,75.81,196.0,108.0,55.0,3.0,13.0,196.0,29.1,37,3.6,143,953.1,12,196.0,2026-02-13T12:17:06.460076
"Alipur, Delhi - DPCC",Delhi,28.82,77.15,222.0,182.0,57.0,10.0,46.0,222.0,20.8,67,6.6,279,992.0,12,222.0,2026-02-13T12:17:06.460076
"Ambazari, Nagpur - MPCB",Nagpur,21.12,79.05,180.0,131.0,0.0,34.0,38.0,180.0,29.0,41,8.6,88,978.9,12,180.0,2026-02-13T12:17:06.460076
"Amity University, Panchgaon - IITM",Panchgaon,28.32,76.91,33.0,35.0,28.0,19.0,0.0,35.0,21.8,55,7.4,293,983.2,12,35.0,2026-02-13T12:17:06.460076
"Anand Kala Kshetram, Rajamahendravaram - APPCB",Rajamahendravaram,16.99,81.74,94.0,110.0,39.0,17.0,33.0,110.0,30.9,35,5.2,102,1012.5,12,110.0,2026-02-13T12:17:06.460076
"Anand Vihar, Delhi - DPCC",Delhi,28.65,77.32,238.0,211.0,90.0,20.0,84.0,238.0,22.0,52,7.1,285,992.6,12,238.0,2026-02-13T12:17:06.460076
"Anand Vihar, Hapur - UPPCB",Hapur,28.73,77.75,186.0,113.0,21.0,38.0,54.0,186.0,20.7,65,7.6,278,991.7,12,186.0,2026-02-13T12:17:06.460076
"Anthoni Pillai Nagar, Gummidipoondi - TNPCB",Gummidipoondi,13.41,80.11,198.0,160.0,22.0,19.0,0.0,198.0,29.3,53,12.7,43,1011.7,12,198.0,2026-02-13T12:17:06.460076
"Ardhali Bazar, Varanasi - UPPCB",Varanasi,25.35,82.91,59.0,70.0,42.0,10.0,14.0,70.0,25.2,55,7.9,286,1006.0,12,70.0,2026-02-13T12:17:06.460076
"Arumbakkam, Chennai - TNPCB",Chennai,13.07,80.21,71.0,102.0,13.0,9.0,0.0,102.0,29.6,53,11.2,42,1012.2,12,102.0,2026-02-13T12:17:06.460076
"Arya Nagar, Bahadurgarh - HSPCB",Bahadurgarh,28.67,76.93,241.0,0.0,13.0,7.0,48.0,241.0,21.8,59,7.4,284,991.8,12,241.0,2026-02-13T12:17:06.460076
"Asansol Court Area, Asansol - WBPCB",Asansol,23.69,86.95,120.0,107.0,23.0,13.0,75.0,120.0,26.8,34,7.9,357,1000.3,12,120.0,2026-02-13T12:17:06.460076
"Ashok Nagar, Udaipur - RSPCB",Udaipur,24.59,73.63,119.0,128.0,31.0,5.0,24.0,128.0,26.7,35,8.9,243,942.0,12,128.0,2026-02-13T12:17:06.460076
"Ashok Vihar, Delhi - DPCC",Delhi,28.7,77.18,213.0,160.0,72.0,18.0,26.0,213.0,21.2,62,7.3,281,991.1,12,213.0,2026-02-13T12:17:06.460076
"B R Ambedkar University, Lucknow - UPPCB",Lucknow,26.77,80.93,47.0,55.0,12.0,21.0,19.0,55.0,23.4,53,10.0,291,1002.1,12,55.0,2026-02-13T12:17:06.460076
"BTM Layout, Bengaluru - CPCB",Bengaluru,12.91,77.6,86.0,95.0,12.0,17.0,0.0,95.0,29.5,20,14.0,89,916.0,12,95.0,2026-02-13T12:17:06.460076
"BWSSB Kadabesanahalli, Bengaluru - CPCB",Bengaluru,12.94,77.68,91.0,175.0,18.0,5.0,37.0,175.0,29.0,21,11.9,85,919.7,12,175.0,2026-02-13T12:17:06.460076
"Ballygunge, Kolkata - WBPCB",Kolkata,22.54,88.36,187.0,131.0,61.0,22.0,48.0,187.0,26.6,46,7.5,343,1013.3,12,187.0,2026-02-13T12:17:06.460076
"Bamboliya, Baran - RSPCB",Baran,25.11,76.47,54.0,93.0,23.0,9.0,18.0,93.0,25.8,60,4.0,175,986.1,12,93.0,2026-02-13T12:17:06.460076
"Bandhavgar Colony, Satna - Birla Cement",Satna,24.58,80.85,50.0,70.0,12.0,19.0,0.0,70.0,26.8,41,4.6,309,978.8,12,70.0,2026-02-13T12:17:06.460076
"Bandra Kurla Complex, Mumbai - IITM",Mumbai,19.05,72.85,137.0,136.0,39.0,6.0,56.0,137.0,26.3,70,6.5,304,1012.5,12,137.0,2026-02-13T12:17:06.460076
"Bandra Kurla Complex, Mumbai - MPCB",Mumbai,19.07,72.86,112.0,126.0,70.0,5.0,11.0,126.0,26.3,70,6.5,304,1012.0,12,126.0,2026-02-13T12:17:06.460076
"Bapuji Nagar, Bengaluru - KSPCB",Bengaluru,12.95,77.54,35.0,0.0,98.0,21.0,32.0,98.0,29.4,21,14.4,89,921.9,12,98.0,2026-02-13T12:17:06.460076
"Bapunagar, Vadodara - Nexteng Enviro",Vadodara,22.32,73.22,247.0,140.0,16.0,7.0,126.0,247.0,33.0,40,6.1,87,1009.6,12,247.0,2026-02-13T12:17:06.460076
"Bardowali, Agartala - Tripura SPCB",Agartala,23.82,91.27,40.0,43.0,13.0,8.0,23.0,43.0,27.0,48,7.2,333,1011.1,12,43.0,2026-02-13T12:17:06.460076
"Barsua Iron Ore Mines, Tensa - OSPCB",Tensa,21.87,85.17,80.0,72.0,0.0,0.0,32.0,80.0,28.3,22,9.7,318,926.9,12,80.0,2026-02-13T12:17:06.460076
"Bata Chowk, Nalbari - PCBA",Nalbari,26.45,91.44,127.0,106.0,14.0,8.0,21.0,127.0,25.8,56,7.6,239,1007.7,12,127.0,2026-02-13T12:17:06.460076
"Bawana, Delhi - DPCC",Delhi,28.78,77.05,210.0,153.0,0.0,14.0,62.0,210.0,21.0,64,7.1,285,990.3,12,210.0,2026-02-13T12:17:06.460076
"Belur Math, Howrah - WBPCB",Howrah,22.63,88.35,143.0,167.0,85.0,21.0,38.0,167.0,26.4,48,7.4,346,1013.3,12,167.0,2026-02-13T12:17:06.460076
"Bhatagaon New ISBT, Raipur - CECB",Raipur,21.22,81.63,0.0,0.0,0.0,22.0,80.0,80.0,29.2,34,5.5,79,982.6,12,80.0,2026-02-13T12:17:06.460076
"Bhayandar West, Mira-Bhayandar - MPCB",Mira-Bhayandar,19.3,72.84,108.0,118.0,52.0,15.0,52.0,118.0,28.2,55,7.1,311,1013.2,12,118.0,2026-02-13T12:17:06.460076
"Bhelupur, Varanasi - UPPCB",Varanasi,25.3,83.0,127.0,97.0,8.0,28.0,25.0,127.0,25.3,58,7.1,294,1006.0,12,127.0,2026-02-13T12:17:06.460076
"Bhoiwada, Dungarpur - RSPCB",Dungarpur,23.84,73.71,0.0,122.0,27.0,7.0,32.0,122.0,27.6,49,10.1,96,983.3,12,122.0,2026-02-13T12:17:06.460076
"Bhopal Chauraha, Dewas - MPPCB",Dewas,22.97,76.06,99.0,122.0,100.0,41.0,22.0,122.0,27.8,42,2.5,98,944.0,12,122.0,2026-02-13T12:17:06.460076
"Bhosari, Pune - IITM",Pune,18.64,73.85,142.0,0.0,0.0,0.0,63.0,142.0,29.6,33,11.1,103,948.8,12,142.0,2026-02-13T12:17:06.460076
"Bidhannagar, Kolkata - WBPCB",Kolkata,22.58,88.41,128.0,109.0,13.0,11.0,53.0,128.0,26.4,48,7.4,346,1013.8,12,128.0,2026-02-13T12:17:06.460076
"Bolinj, Virar - MPCB",Virar,19.45,72.8,136.0,150.0,53.0,14.0,66.0,150.0,25.7,74,9.3,324,1012.4,12,150.0,2026-02-13T12:17:06.460076
"Bollaram Industrial Area, Hyderabad - TSPCB",Hyderabad,17.54,78.36,108.0,117.0,37.0,9.0,44.0,117.0,29.1,34,10.6,114,949.4,12,117.0,2026-02-13T12:17:06.460076
"Borivali East, Mumbai - IITM",Mumbai,19.23,72.87,96.0,112.0,84.0,0.0,0.0,112.0,28.0,55,7.1,311,1008.1,12,112.0,2026-02-13T12:17:06.460076
"Borivali East, Mumbai - MPCB",Mumbai,19.22,72.87,42.0,61.0,0.0,16.0,17.0,61.0,28.1,55,7.1,311,1010.4,12,61.0,2026-02-13T12:17:06.460076
"Botanical Garden, Howrah - WBPCB",Howrah,22.55,88.29,95.0,98.0,56.0,14.0,52.0,98.0,27.4,43,8.2,345,1014.6,12,98.0,2026-02-13T12:17:06.460076
"Buddha Colony, Muzaffarpur - BSPCB",Muzaffarpur,26.11,85.4,117.0,103.0,35.0,5.0,26.0,117.0,25.5,42,7.2,267,1008.6,12,117.0,2026-02-13T12:17:06.460076
"Buddhi Vihar, Moradabad - UPPCB",Moradabad,28.84,78.74,47.0,68.0,29.0,29.0,38.0,68.0,21.0,67,7.6,267,993.1,12,68.0,2026-02-13T12:17:06.460076
"Burari Crossing, Delhi - IMD",Delhi,28.73,77.2,187.0,155.0,104.0,0.0,44.0,187.0,21.4,60,7.3,281,992.3,12,187.0,2026-02-13T12:17:06.460076
"CBD Belapur, Belapur - MPCB",Belapur,19.02,73.04,142.0,156.0,28.0,19.0,35.0,156.0,30.0,49,4.6,309,1012.7,12,156.0,2026-02-13T12:17:06.460076
"CDA Area, Cuttack - OSPCB",Cuttack,20.49,85.85,181.0,172.0,42.0,7.0,59.0,181.0,30.6,34,2.5,135,1012.4,12,181.0,2026-02-13T12:17:06.460076
"CRRI Mathura Road, Delhi - IMD",Delhi,28.55,77.27,145.0,156.0,34.0,0.0,47.0,156.0,21.4,55,7.5,287,990.8,12,156.0,2026-02-13T12:17:06.460076
"Central Academy for SFS, Byrnihat - PCBA",Byrnihat,26.07,91.87,165.0,98.0,8.0,31.0,54.0,165.0,26.1,53,7.4,321,1005.9,12,165.0,2026-02-13T12:17:06.460076
"Central University, Hyderabad - TSPCB",Hyderabad,17.46,78.33,61.0,47.0,31.0,11.0,33.0,61.0,29.0,34,10.6,114,948.8,12,61.0,2026-02-13T12:17:06.460076
"Chakala-Andheri East, Mumbai - IITM",Mumbai,19.11,72.86,125.0,122.0,76.0,9.0,29.0,125.0,26.2,70,6.5,304,1010.8,12,125.0,2026-02-13T12:17:06.460076
"Chandkheda, Ahmedabad - IITM",Ahmedabad,23.11,72.57,113.0,146.0,44.0,17.0,30.0,146.0,31.6,35,4.7,94,1007.8,12,146.0,2026-02-13T12:17:06.460076
"Chandni Chowk, Delhi - IITM",Delhi,28.66,77.23,182.0,169.0,30.0,26.0,87.0,182.0,21.9,51,7.5,287,991.2,12,182.0,2026-02-13T12:17:06.460076
"Charitra Van, Buxar - BSPCB",Buxar,25.57,83.97,74.0,74.0,9.0,33.0,24.0,74.0,25.1,48,8.0,288,1007.6,12,74.0,2026-02-13T12:17:06.460076
"Chauhan Colony, Chandrapur - MPCB",Chandrapur,19.96,79.3,74.0,139.0,30.0,38.0,20.0,139.0,31.2,40,4.8,117,992.5,12,139.0,2026-02-13T12:17:06.460076
"Chembur, Mumbai - MPCB",Mumbai,19.04,72.9,76.0,104.0,44.0,14.0,74.0,104.0,26.2,70,6.5,304,1011.1,12,104.0,2026-02-13T12:17:06.460076
"Chhatrapati Shivaji Intl. Airport (T2), Mumbai - MPCB",Mumbai,19.1,72.87,121.0,125.0,1.0,21.0,0.0,125.0,26.3,70,6.5,304,1011.9,12,125.0,2026-02-13T12:17:06.460076
"Chhoti Gwaltoli, Indore - MPPCB",Indore,22.43,75.52,125.0,126.0,166.0,25.0,40.0,166.0,29.0,41,10.6,145,964.1,12,166.0,2026-02-13T12:17:06.460076
"Chitragupta Nagar, Siwan - BSPCB",Siwan,26.23,84.36,60.0,87.0,2.0,7.0,65.0,87.0,25.0,44,9.5,279,1007.5,12,87.0,2026-02-13T12:17:06.460076
"Christianpatty, Nagaon - PCBA",Nagaon,26.35,92.68,114.0,103.0,1.0,11.0,19.0,114.0,26.3,55,6.4,286,1006.2,12,114.0,2026-02-13T12:17:06.460076
"City Center, Gwalior - MPPCB",Gwalior,26.2,78.19,176.0,125.0,45.0,12.0,49.0,176.0,25.8,53,5.8,292,991.2,12,176.0,2026-02-13T12:17:06.460076
"City Railway Station, Bengaluru - KSPCB",Bengaluru,12.98,77.57,0.0,101.0,34.0,19.0,74.0,101.0,28.8,21,11.9,85,916.2,12,101.0,2026-02-13T12:17:06.460076
"Civic Center, Bhilai - Bhilai Steel Plant",Bhilai,21.19,81.34,58.0,67.0,11.0,9.0,33.0,67.0,29.4,34,6.3,77,981.6,12,67.0,2026-02-13T12:17:06.460076
"Civil Line, Jalandhar - PPCB",Jalandhar,31.32,75.58,66.0,108.0,37.0,17.0,64.0,108.0,21.3,60,4.4,305,988.1,12,108.0,2026-02-13T12:17:06.460076
"Civil Lines,  Ajmer - RSPCB",Ajmer,26.47,74.65,74.0,108.0,30.0,6.0,22.0,108.0,26.7,27,8.0,275,961.3,12,108.0,2026-02-13T12:17:06.460076
"Civil Lines, Bareilly - UPPCB",Bareilly,28.36,79.41,17.0,44.0,2.0,49.0,45.0,49.0,21.5,64,8.0,262,995.3,12,49.0,2026-02-13T12:17:06.460076
"Civil Lines, Sagar - MPPCB",Sagar,23.84,78.76,113.0,87.0,28.0,10.0,30.0,113.0,26.9,40,4.7,270,954.6,12,113.0,2026-02-13T12:17:06.460076
"Colaba, Mumbai - MPCB",Mumbai,18.91,72.82,80.0,93.0,0.0,0.0,68.0,93.0,28.1,56,5.6,315,1011.7,12,93.0,2026-02-13T12:17:06.460076
"Collector Office, Yadgir - KSPCB",Yadgir,16.76,77.14,82.0,97.0,23.0,0.0,20.0,97.0,29.2,32,11.1,119,972.7,12,97.0,2026-02-13T12:17:06.460076
"Collectorate, Gaya - BSPCB",Gaya,24.8,85.0,75.0,0.0,9.0,0.0,0.0,75.0,25.7,46,8.4,317,1002.5,12,75.0,2026-02-13T12:17:06.460076
"Collectorate, Jodhpur - RSPCB",Jodhpur,26.27,73.02,54.0,56.0,18.0,7.0,34.0,56.0,27.6,24,1.5,76,989.6,12,56.0,2026-02-13T12:17:06.460076
"Corporation Ground, Thrissur - Kerala PCB",Thrissur,10.53,76.22,66.0,76.0,7.0,0.0,9.0,76.0,34.9,37,14.8,76,1008.4,12,76.0,2026-02-13T12:17:06.460076
"D M Colony, Bihar Sharif - BSPCB",Bihar Sharif,25.2,85.51,77.0,61.0,9.0,10.0,62.0,77.0,25.3,52,6.8,295,1009.1,12,77.0,2026-02-13T12:17:06.460076
"DM Office_Kachari Chowk, Bhagalpur - BSPCB",Bhagalpur,25.25,86.99,0.0,61.0,0.0,0.0,18.0,61.0,25.4,53,7.1,311,1008.9,12,61.0,2026-02-13T12:17:06.460076
"DM Office_Kasipur, Samastipur - BSPCB",Samastipur,25.86,85.78,76.0,74.0,8.0,28.0,9.0,76.0,25.1,49,5.4,278,1009.5,12,76.0,2026-02-13T12:17:06.460076
"DRM Office Danapur, Patna - BSPCB",Patna,25.59,85.04,113.0,117.0,50.0,6.0,33.0,117.0,24.9,50,7.3,290,1009.6,12,117.0,2026-02-13T12:17:06.460076
"DTU, Delhi - CPCB",Delhi,28.75,77.11,205.0,139.0,31.0,31.0,44.0,205.0,21.3,62,7.3,281,991.3,12,205.0,2026-02-13T12:17:06.460076
"Dabuna, Nayagarh - OSPCB",Nayagarh,21.85,85.42,42.0,145.0,9.0,8.0,22.0,145.0,28.5,23,15.1,308,958.3,12,145.0,2026-02-13T12:17:06.460076
"Dada Peer, Sasaram - BSPCB",Sasaram,24.95,84.0,0.0,0.0,0.0,0.0,51.0,51.0,26.8,41,10.7,312,1003.5,12,51.0,2026-02-13T12:17:06.460076
"Dangi Tola, Rajgir - BSPCB",Rajgir,25.03,85.42,52.0,55.0,9.0,21.0,88.0,88.0,25.8,51,7.4,299,1007.3,12,88.0,2026-02-13T12:17:06.460076
"Darshan Nagar, Chhapra - BSPCB",Chhapra,25.78,84.74,82.0,101.0,1.0,27.0,53.0,101.0,24.8,48,8.0,288,1008.8,12,101.0,2026-02-13T12:17:06.460076
"Dasnagar, Howrah - WBPCB",Howrah,22.6,88.31,82.0,107.0,53.0,27.0,53.0,107.0,26.2,52,8.0,350,1013.9,12,107.0,2026-02-13T12:17:06.460076
"Deen Dayal Nagar, Gwalior - MPPCB",Gwalior,26.26,78.22,198.0,203.0,26.0,9.0,41.0,203.0,25.9,53,5.8,292,993.3,12,203.0,2026-02-13T12:17:06.460076
"Deen Dayal Nagar, Sagar - MPPCB",Sagar,23.86,78.8,79.0,94.0,18.0,6.0,17.0,94.0,27.0,40,4.7,270,956.6,12,94.0,2026-02-13T12:17:06.460076
"Deonar, Mumbai - IITM",Mumbai,19.05,72.92,98.0,136.0,42.0,5.0,61.0,136.0,26.2,70,6.5,304,1011.8,12,136.0,2026-02-13T12:17:06.460076
"Deopur, Dhule - MPCB",Dhule,20.92,74.78,112.0,123.0,16.0,4.0,30.0,123.0,30.9,40,11.2,88,984.9,12,123.0,2026-02-13T12:17:06.460076
"Dhankawadi, Pune - IITM",Pune,18.46,73.85,97.0,133.0,69.0,0.0,63.0,133.0,30.8,32,10.1,94,942.5,12,133.0,2026-02-13T12:17:06.460076
"Dhanmandi, Kota - RSPCB",Kota,25.16,75.86,115.0,143.0,64.0,10.0,39.0,143.0,26.9,44,2.3,162,985.6,12,143.0,2026-02-13T12:17:06.460076
"Dhoinda, Rajsamand - RSPCB",Rajsamand,25.04,73.88,0.0,103.0,29.0,12.0,0.0,103.0,26.9,41,6.3,204,955.6,12,103.0,2026-02-13T12:17:06.460076
"Digari Kalan, Jodhpur - RSPCB",Jodhpur,26.3,73.08,56.0,104.0,30.0,4.0,22.0,104.0,25.9,33,1.3,56,990.8,12,104.0,2026-02-13T12:17:06.460076
"Divisional Forest Office, Rairangpur - OSPCB",Rairangpur,22.27,86.17,62.0,113.0,11.0,8.0,27.0,113.0,27.3,30,8.0,355,986.3,12,113.0,2026-02-13T12:17:06.460076
"Dnyaneshwar Nagar, Solapur - MPCB",Solapur,17.63,75.91,76.0,90.0,24.0,7.0,24.0,90.0,29.1,36,7.7,143,959.5,12,90.0,2026-02-13T12:17:06.460076
"Doon University, Dehradun - UKPCB",Dehradun,30.27,78.04,157.0,100.0,2.0,2.0,6.0,157.0,20.9,65,9.2,228,946.7,12,157.0,2026-02-13T12:17:06.460076
"Dr. Karni Singh Shooting Range, Delhi - DPCC",Delhi,28.5,77.26,175.0,147.0,30.0,18.0,42.0,175.0,21.2,55,7.5,287,986.8,12,175.0,2026-02-13T12:17:06.460076
"Dwarka-Sector 8, Delhi - DPCC ",Delhi,28.57,77.07,197.0,182.0,80.0,27.0,66.0,197.0,21.3,61,7.4,284,991.3,12,197.0,2026-02-13T12:17:06.460076
"ECIL Kapra, Hyderabad - TSPCB",Hyderabad,17.47,78.57,40.0,77.0,29.0,9.0,20.0,77.0,28.4,36,11.6,120,953.4,12,77.0,2026-02-13T12:17:06.460076
"Eco Herbal Park, Moradabad - UPPCB",Moradabad,28.84,78.7,81.0,79.0,38.0,12.0,46.0,81.0,21.0,67,7.6,267,993.5,12,81.0,2026-02-13T12:17:06.460076
"Employment Office, Moradabad - UPPCB",Moradabad,28.89,78.74,82.0,92.0,16.0,25.0,24.0,92.0,21.0,67,7.6,267,993.1,12,92.0,2026-02-13T12:17:06.460076
"Evelyn Lodge, Asansol - WBPCB",Asansol,23.7,86.94,94.0,108.0,30.0,7.0,78.0,108.0,26.9,34,7.9,357,1000.8,12,108.0,2026-02-13T12:17:06.460076
"FTI Kidwai Nagar, Kanpur - UPPCB",Kanpur,26.43,80.33,60.0,102.0,27.0,14.0,41.0,102.0,23.7,51,8.7,300,1001.2,12,102.0,2026-02-13T12:17:06.460076
"Ferro Chrome Colony, Byasanagar - OSPCB",Byasanagar,20.94,86.12,159.0,136.0,22.0,6.0,42.0,159.0,30.1,33,1.6,243,1010.9,12,159.0,2026-02-13T12:17:06.460076
"Fertilizer Township, Rourkela - OSPCB",Rourkela,22.19,84.86,116.0,107.0,0.0,9.0,22.0,116.0,28.1,25,3.5,24,991.4,12,116.0,2026-02-13T12:17:06.460076
"Forest Office, Barbil - OSPCB",Barbil,22.12,85.39,96.0,127.0,32.0,17.0,52.0,127.0,29.2,20,10.6,325,964.3,12,127.0,2026-02-13T12:17:06.460076
"Fort William, Kolkata - WBPCB",Kolkata,22.56,88.34,121.0,105.0,67.0,14.0,50.0,121.0,26.6,46,7.5,343,1013.3,12,121.0,2026-02-13T12:17:06.460076
"GIDC, Ankleshwar - GPCB",Ankleshwar,21.61,73.01,166.0,142.0,22.0,28.0,87.0,166.0,30.6,48,4.3,24,1011.1,12,166.0,2026-02-13T12:17:06.460076
"GIFT City, Gandhinagar - IITM",Gandhinagar,23.16,72.68,111.0,154.0,38.0,7.0,31.0,154.0,31.6,35,4.7,94,1008.3,12,154.0,2026-02-13T12:17:06.460076
"GM Office, Brajrajnagar - OSPCB",Brajrajnagar,21.8,83.84,66.0,83.0,0.0,20.0,45.0,83.0,27.0,41,8.0,108,991.2,12,83.0,2026-02-13T12:17:06.460076
"GVM Corporation, Visakhapatnam - APPCB",Visakhapatnam,17.72,83.3,132.0,195.0,106.0,15.0,42.0,195.0,31.9,28,8.1,111,1011.9,12,195.0,2026-02-13T12:17:06.460076
"Gandak Colony, Motihari - BSPCB",Motihari,26.63,84.9,82.0,86.0,9.0,3.0,34.0,86.0,25.1,49,5.0,240,1007.4,12,86.0,2026-02-13T12:17:06.460076
"Ganga Nagar, Meerut - UPPCB",Meerut,29.0,77.76,80.0,106.0,38.0,27.0,86.0,106.0,21.6,58,8.7,277,990.0,12,106.0,2026-02-13T12:17:06.460076
"Gangapur Road, Nashik - MPCB",Nashik,20.01,73.78,68.0,98.0,5.0,3.0,22.0,98.0,29.8,34,10.0,116,951.6,12,98.0,2026-02-13T12:17:06.460076
"Gangineni Cheruvu, Chittoor - APPCB",Chittoor,13.2,79.1,64.0,63.0,14.0,14.0,70.0,70.0,28.4,39,13.4,76,978.4,12,70.0,2026-02-13T12:17:06.460076
"Gavalinagar, Pimpri Chinchwad - MPCB",Pimpri-Chinchwad,18.64,73.82,0.0,111.0,62.0,2.0,65.0,111.0,29.5,33,11.1,103,948.4,12,111.0,2026-02-13T12:17:06.460076
"General Hospital, Mandikhera(Nuh) - HSPCB",Mandikhera,27.9,76.99,126.0,116.0,21.0,34.0,72.0,126.0,23.1,47,8.0,288,993.6,12,126.0,2026-02-13T12:17:06.460076
"Ghatkopar, Mumbai - BMC",Mumbai,19.08,72.92,104.0,128.0,0.0,2.0,40.0,128.0,26.3,70,6.5,304,1012.6,12,128.0,2026-02-13T12:17:06.460076
"Ghusuri, Howrah - WBPCB",Howrah,22.61,88.35,234.0,170.0,25.0,13.0,90.0,234.0,26.4,48,7.4,346,1013.8,12,234.0,2026-02-13T12:17:06.460076
"Girls College, Sivasagar - PCBA",Sivasagar,26.99,94.64,60.0,60.0,46.0,13.0,46.0,60.0,27.2,49,3.8,287,1002.4,12,60.0,2026-02-13T12:17:06.460076
"Gobind Pura, Yamuna Nagar - HSPCB",Yamuna Nagar,30.15,77.29,125.0,0.0,37.0,12.0,39.0,125.0,21.7,62,9.5,281,982.6,12,125.0,2026-02-13T12:17:06.460076
"Gokul Nagar, Bhiwandi - MPCB",Bhiwandi,19.31,73.06,115.0,140.0,32.0,10.0,57.0,140.0,32.1,38,4.2,329,1012.7,12,140.0,2026-02-13T12:17:06.460076
"Golden Temple, Amritsar - PPCB",Amritsar,31.62,74.88,70.0,90.0,76.0,23.0,41.0,90.0,22.0,56,5.1,274,988.7,12,90.0,2026-02-13T12:17:06.460076
"Gole Bazar, Katni - MPPCB",Katni,23.5,80.23,140.0,134.0,33.0,38.0,48.0,140.0,26.8,46,2.6,254,971.7,12,140.0,2026-02-13T12:17:06.460076
"Gomti Nagar, Lucknow - UPPCB",Lucknow,26.87,81.01,128.0,94.0,8.0,11.0,31.0,128.0,23.9,47,8.8,289,1002.7,12,128.0,2026-02-13T12:17:06.460076
"Govindh Bhavan Colony, Jabalpur - JMC",Jabalpur,23.16,79.97,50.0,61.0,11.0,5.0,20.0,61.0,27.4,38,3.6,315,968.9,12,61.0,2026-02-13T12:17:06.460076
"Govt. Girls Inter College, Kashipur - UKPCB",Kashipur,29.21,78.96,97.0,86.0,13.0,0.0,30.0,97.0,21.0,71,8.0,252,988.1,12,97.0,2026-02-13T12:17:06.460076
"Govt. High School Shikarpur, Patna - BSPCB",Patna,25.59,85.23,123.0,135.0,27.0,6.0,71.0,135.0,25.4,43,7.2,288,1008.9,12,135.0,2026-02-13T12:17:06.460076
"Govt. Higher Secondary School, Milupara - CECB",Milupara,22.19,83.52,0.0,74.0,27.0,14.0,27.0,74.0,31.0,23,9.2,296,984.0,12,74.0,2026-02-13T12:17:06.460076
"Gulzarpet, Anantapur - APPCB",Anantapur,14.68,77.59,72.0,68.0,0.0,11.0,35.0,72.0,29.8,27,14.4,86,975.5,12,72.0,2026-02-13T12:17:06.460076
"Gurdeo Nagar, Aurangabad - BSPCB",Aurangabad,24.76,84.37,0.0,90.0,0.0,0.0,102.0,102.0,25.3,52,4.7,360,1002.5,12,102.0,2026-02-13T12:17:06.460076
"Gyaspur, Ahmedabad - IITM",Ahmedabad,22.98,72.55,173.0,167.0,104.0,80.0,49.0,173.0,31.4,35,3.4,58,1009.5,12,173.0,2026-02-13T12:17:06.460076
"H.B. Colony, Bhiwani - HSPCB",Bhiwani,28.81,76.14,150.0,115.0,31.0,2.0,9.0,150.0,22.8,49,7.1,294,991.3,12,150.0,2026-02-13T12:17:06.460076
"HB Colony, Vijayawada - APPCB",Vijayawada,16.54,80.59,70.0,70.0,15.0,17.0,34.0,70.0,30.2,40,6.4,117,1012.3,12,70.0,2026-02-13T12:17:06.460076
"HIMUDA Complex Phase-1, Baddi - HPPCB",Baddi,30.94,76.8,164.0,161.0,37.0,59.0,79.0,164.0,23.0,53,7.3,281,966.1,12,164.0,2026-02-13T12:17:06.460076
"Hadapsar, Pune - IITM",Pune,18.5,73.93,0.0,0.0,82.0,0.0,88.0,88.0,31.3,32,10.1,94,951.3,12,88.0,2026-02-13T12:17:06.460076
"Hakimapada, Angul - OSPCB",Angul,20.83,85.1,139.0,130.0,60.0,48.0,89.0,139.0,29.8,38,8.6,90,999.1,12,139.0,2026-02-13T12:17:06.460076
"Hardev Nagar, Bathinda - PPCB",Bathinda,30.23,74.91,27.0,62.0,16.0,13.0,78.0,78.0,22.8,51,4.7,293,991.8,12,78.0,2026-02-13T12:17:06.460076
"Hathkhoj, Bhilai - CECB",Bhilai,21.22,81.41,59.0,70.0,61.0,77.0,55.0,77.0,29.3,34,6.3,77,980.6,12,77.0,2026-02-13T12:17:06.460076
"Hebbal 1st Stage, Mysuru - KSPCB",Mysuru,12.21,76.37,60.0,86.0,0.0,3.0,24.0,86.0,29.1,38,17.4,77,934.2,12,86.0,2026-02-13T12:17:06.460076
"Hebbal, Bengaluru - KSPCB",Bengaluru,13.03,77.59,0.0,80.0,42.0,12.0,40.0,80.0,28.7,21,11.9,85,915.4,12,80.0,2026-02-13T12:17:06.460076
"Hirawadi, Nashik - MPCB",Nashik,20.02,73.81,83.0,97.0,0.0,23.0,0.0,97.0,29.7,34,10.0,116,949.3,12,97.0,2026-02-13T12:17:06.460076
"Hombegowda Nagar, Bengaluru - KSPCB",Bengaluru,12.94,77.59,44.0,37.0,36.0,18.0,14.0,44.0,28.7,21,11.9,85,915.2,12,44.0,2026-02-13T12:17:06.460076
"Housing Board, Hanumangarh - RSPCB",Hanumangarh,29.61,74.28,61.0,110.0,0.0,0.0,19.0,110.0,23.5,43,2.0,315,995.0,12,110.0,2026-02-13T12:17:06.460076
"Huda Sector, Fatehabad - HSPCB",Fatehabad,29.5,75.47,32.0,48.0,19.0,10.0,0.0,48.0,22.4,51,4.7,293,991.4,12,48.0,2026-02-13T12:17:06.460076
"ICRISAT Patancheru, Hyderabad - TSPCB",Hyderabad,17.52,78.28,72.0,81.0,8.0,8.0,20.0,81.0,29.5,31,10.9,107,954.4,12,81.0,2026-02-13T12:17:06.460076
"IDA Pashamylaram, Hyderabad - TSPCB",Hyderabad,17.53,78.22,0.0,70.0,0.0,10.0,32.0,70.0,29.6,31,10.9,107,955.6,12,70.0,2026-02-13T12:17:06.460076
"IESD Banaras Hindu University, Varanasi - UPPCB",Varanasi,25.26,83.0,32.0,69.0,2.0,31.0,11.0,69.0,25.3,58,7.1,294,1006.8,12,69.0,2026-02-13T12:17:06.460076
"IGI Airport (T3), Delhi - IMD",Delhi,28.56,77.12,120.0,145.0,76.0,0.0,49.0,145.0,21.3,61,7.4,284,989.1,12,145.0,2026-02-13T12:17:06.460076
"IGSC Planetarium Complex, Patna - BSPCB",Patna,25.61,85.13,122.0,0.0,1.0,5.0,28.0,122.0,25.5,43,7.2,288,1009.3,12,122.0,2026-02-13T12:17:06.460076
"IHBAS, Dilshad Garden, Delhi - CPCB",Delhi,28.68,77.3,128.0,134.0,59.0,18.0,79.0,134.0,21.9,51,7.5,287,991.9,12,134.0,2026-02-13T12:17:06.460076
"IIT Delhi, Delhi - IITM",Delhi,28.54,77.19,133.0,142.0,43.0,0.0,59.0,142.0,21.3,55,7.5,287,989.5,12,142.0,2026-02-13T12:17:06.460076
"IITH Kandi, Hyderabad - TSPCB",Hyderabad,17.59,78.13,63.0,0.0,17.0,16.0,37.0,63.0,30.1,30,9.4,108,956.8,12,63.0,2026-02-13T12:17:06.460076
"ITO, Delhi - CPCB",Delhi,28.63,77.24,187.0,121.0,56.0,17.0,50.0,187.0,21.9,51,7.5,287,991.5,12,187.0,2026-02-13T12:17:06.460076
"Ibrahimpur, Vijayapura - KSPCB",Vijayapura,16.8,75.72,30.0,62.0,11.0,3.0,24.0,62.0,29.5,29,12.3,97,945.9,12,62.0,2026-02-13T12:17:06.460076
"Idgah Hills, Bhopal - MPPCB",Bhopal,23.26,77.38,102.0,121.0,25.0,12.0,31.0,121.0,27.7,42,0.8,297,959.0,12,121.0,2026-02-13T12:17:06.460076
"Indira Colony Vistar, Pali - RSPCB",Pali,25.77,73.34,102.0,145.0,36.0,9.0,36.0,145.0,27.7,32,2.9,7,991.3,12,145.0,2026-02-13T12:17:06.460076
"Indirapuram, Ghaziabad - UPPCB",Ghaziabad,28.65,77.36,212.0,159.0,67.0,24.0,51.0,212.0,22.0,52,7.1,285,992.4,12,212.0,2026-02-13T12:17:06.460076
"Indra Nagar, Jhunjhunu - RSPCB",Jhunjhunu,28.11,75.39,68.0,125.0,34.0,7.0,36.0,125.0,23.2,41,7.0,282,977.2,12,125.0,2026-02-13T12:17:06.460076
"Industrial Area, Hajipur - BSPCB",Hajipur,25.7,85.25,162.0,136.0,79.0,4.0,38.0,162.0,25.2,48,6.9,279,1010.1,12,162.0,2026-02-13T12:17:06.460076
"Jadavpur, Kolkata - WBPCB",Kolkata,22.5,88.37,225.0,154.0,42.0,4.0,92.0,225.0,26.6,46,7.5,343,1013.3,12,225.0,2026-02-13T12:17:06.460076
"Jagamohanpur, Keonjhar - OSPCB",Keonjhar,21.64,85.6,58.0,112.0,10.0,10.0,60.0,112.0,28.4,24,5.2,12,962.8,12,112.0,2026-02-13T12:17:06.460076
"Jahangirpuri, Delhi - DPCC",Delhi,28.73,77.17,254.0,184.0,114.0,51.0,58.0,254.0,21.3,62,7.3,281,991.6,12,254.0,2026-02-13T12:17:06.460076
"Jai Bhim Nagar, Meerut - UPPCB",Meerut,28.95,77.76,108.0,120.0,13.0,10.0,39.0,120.0,21.6,58,8.7,277,990.4,12,120.0,2026-02-13T12:17:06.460076
"Jawahar Nagar, Puducherry - PPCC",Puducherry,11.93,79.8,51.0,59.0,20.0,8.0,22.0,59.0,30.1,57,11.5,41,1012.2,12,59.0,2026-02-13T12:17:06.460076
"Jawaharlal Nehru Stadium, Delhi - DPCC",Delhi,28.58,77.23,171.0,191.0,70.0,15.0,177.0,191.0,21.9,51,7.5,287,992.0,12,191.0,2026-02-13T12:17:06.460076
"Jayanagar 5th Block, Bengaluru - KSPCB",Bengaluru,12.92,77.58,44.0,78.0,26.0,18.0,21.0,78.0,29.4,20,14.0,89,913.3,12,78.0,2026-02-13T12:17:06.460076
"Jhalamand, Jodhpur - RSPCB",Jodhpur,26.22,73.07,49.0,95.0,30.0,6.0,22.0,95.0,26.0,33,1.3,56,993.2,12,95.0,2026-02-13T12:17:06.460076
"Jhunsi, Prayagraj - UPPCB",Prayagraj,25.43,81.92,59.0,78.0,6.0,26.0,18.0,78.0,25.4,57,7.1,300,1004.8,12,78.0,2026-02-13T12:17:06.460076
"Jigani, Bengaluru - KSPCB",Bengaluru,12.78,77.63,54.0,89.0,18.0,18.0,43.0,89.0,30.1,20,15.1,90,914.2,12,89.0,2026-02-13T12:17:06.460076
"Jigar Colony, Moradabad - UPPCB",Moradabad,28.86,78.77,61.0,88.0,25.0,31.0,40.0,88.0,21.0,67,7.6,267,993.7,12,88.0,2026-02-13T12:17:06.460076
"Kalabhavan, Dharwad - KSPCB",Dharwad,15.46,75.01,0.0,96.0,28.0,12.0,54.0,96.0,29.5,24,17.4,96,934.8,12,96.0,2026-02-13T12:17:06.460076
"Kalal Majra, Khanna - PPCB",Khanna,30.74,76.21,86.0,0.0,0.0,18.0,48.0,86.0,21.9,57,7.1,311,985.1,12,86.0,2026-02-13T12:17:06.460076
"Kalidaspur, Balasore - OSPCB",Balasore,21.51,86.89,187.0,189.0,22.0,20.0,36.0,189.0,29.4,29,11.2,21,1012.4,12,189.0,2026-02-13T12:17:06.460076
"Kalindi Kunj, Khurja - UPPCB",Khurja,28.23,77.87,41.0,123.0,7.0,14.0,43.0,123.0,21.1,64,7.6,278,993.4,12,123.0,2026-02-13T12:17:06.460076
"Kamalnath Nagar, Bettiah - BSPCB",Bettiah,26.8,84.52,0.0,0.0,0.0,0.0,63.0,63.0,25.3,48,5.6,255,1006.6,12,63.0,2026-02-13T12:17:06.460076
"Kamble Tarf Birwadi, Mahad - MPCB",Mahad,18.1,73.48,98.0,143.0,45.0,36.0,27.0,143.0,33.8,30,6.8,238,1011.8,12,143.0,2026-02-13T12:17:06.460076
"Kandivali East, Mumbai - MPCB",Mumbai,19.21,72.87,29.0,104.0,0.0,25.0,19.0,104.0,28.1,55,7.1,311,1010.8,12,104.0,2026-02-13T12:17:06.460076
"Kandivali West, Mumbai - BMC",Mumbai,19.22,72.83,98.0,132.0,45.0,8.0,0.0,132.0,28.2,55,7.1,311,1012.5,12,132.0,2026-02-13T12:17:06.460076
"Kanuru, Vijayawada - APPCB",Vijayawada,16.49,80.7,65.0,62.0,18.0,16.0,54.0,65.0,30.5,39,5.8,112,1012.7,12,65.0,2026-02-13T12:17:06.460076
"Kareemganj, Gaya - BSPCB",Gaya,24.79,84.99,63.0,144.0,0.0,42.0,1.0,144.0,25.7,46,8.4,317,1002.4,12,144.0,2026-02-13T12:17:06.460076
"Kariavattom, Thiruvananthapuram - Kerala PCB",Thiruvananthapuram,8.56,76.89,0.0,94.0,7.0,5.0,21.0,94.0,27.3,69,11.1,205,1004.7,12,94.0,2026-02-13T12:17:06.460076
"Karni Colony, Nagaur - RSPCB",Nagaur,27.21,73.73,57.0,109.0,24.0,8.0,32.0,109.0,26.6,23,2.5,352,982.9,12,109.0,2026-02-13T12:17:06.460076
"Kasarvadavali, Thane - MPCB",Thane,19.27,72.97,0.0,0.0,0.0,0.0,62.0,62.0,32.1,38,4.2,329,1012.5,12,62.0,2026-02-13T12:17:06.460076
"Kashiram Nagar, Moradabad - UPPCB",Moradabad,28.85,78.74,51.0,75.0,25.0,128.0,28.0,128.0,21.0,67,7.6,267,993.2,12,128.0,2026-02-13T12:17:06.460076
"Kasturi Nagar, Bengaluru - KSPCB",Bengaluru,13.0,77.66,58.0,80.0,32.0,14.0,45.0,80.0,28.7,21,11.9,85,916.1,12,80.0,2026-02-13T12:17:06.460076
"Katargam, Surat - Nexteng Enviro",Surat,21.22,72.83,241.0,202.0,76.0,62.0,135.0,241.0,31.4,46,5.4,20,1012.0,12,241.0,2026-02-13T12:17:06.460076
"Katraj Dairy, Pune - MPCB",Pune,18.45,73.85,71.0,103.0,40.0,3.0,66.0,103.0,30.8,32,10.1,94,941.9,12,103.0,2026-02-13T12:17:06.460076
"Katrap, Badlapur - MPCB",Badlapur,19.16,73.23,93.0,128.0,30.0,10.0,36.0,128.0,33.5,35,4.3,336,1009.5,12,128.0,2026-02-13T12:17:06.460076
"Khadakpada, Kalyan - MPCB",Kalyan,19.25,73.14,79.0,81.0,36.0,0.0,0.0,81.0,32.8,36,1.9,22,1011.3,12,81.0,2026-02-13T12:17:06.460076
"Khaira, Boisar - MPCB",Boisar,19.79,72.76,74.0,110.0,33.0,7.0,40.0,110.0,27.7,63,9.5,335,1012.1,12,110.0,2026-02-13T12:17:06.460076
"Kharahiya Basti, Araria - BSPCB",Araria,26.15,87.45,107.0,85.0,2.0,41.0,64.0,107.0,26.5,48,6.5,267,1008.7,12,107.0,2026-02-13T12:17:06.460076
"Khatikan Mohalla, Dausa - RSPCB",Dausa,26.9,76.33,47.0,88.0,44.0,7.0,0.0,88.0,24.8,45,5.4,250,978.0,12,88.0,2026-02-13T12:17:06.460076
"Kherwadi_Bandra East, Mumbai - MPCB",Mumbai,19.06,72.85,120.0,119.0,0.0,4.0,45.0,120.0,26.3,70,6.5,304,1012.7,12,120.0,2026-02-13T12:17:06.460076
"Khindipada-Bhandup West, Mumbai - IITM",Mumbai,19.17,72.92,0.0,94.0,30.0,6.0,13.0,94.0,25.9,70,6.5,304,1005.1,12,94.0,2026-02-13T12:17:06.460076
"Khrew, Pampore - JKPCC",Pampore,34.03,75.01,39.0,41.0,24.0,2.0,0.0,41.0,12.0,58,3.6,360,834.2,12,41.0,2026-02-13T12:17:06.460076
"Khunmoh, Srinagar - JKPCC",Srinagar,34.06,74.96,33.0,32.0,16.0,3.0,0.0,33.0,12.3,58,3.6,360,839.4,12,33.0,2026-02-13T12:17:06.460076
"Knowledge Park - III, Greater Noida - UPPCB",Greater Noida,28.47,77.48,109.0,168.0,73.0,3.0,151.0,168.0,22.3,49,7.6,289,993.3,12,168.0,2026-02-13T12:17:06.460076
"Knowledge Park - V, Greater Noida - UPPCB",Greater Noida,28.56,77.45,0.0,178.0,90.0,16.0,29.0,178.0,22.3,49,7.6,289,992.0,12,178.0,2026-02-13T12:17:06.460076
"Kodungaiyur, Chennai - TNPCB",Chennai,13.13,80.26,74.0,112.0,12.0,9.0,55.0,112.0,29.2,56,12.0,41,1013.1,12,112.0,2026-02-13T12:17:06.460076
"Kokapet, Hyderabad - TSPCB",Hyderabad,17.39,78.34,62.0,89.0,0.0,0.0,24.0,89.0,29.4,32,11.4,108,956.9,12,89.0,2026-02-13T12:17:06.460076
"Kompally Municipal Office, Hyderabad - TSPCB",Hyderabad,17.54,78.49,60.0,86.0,14.0,12.0,24.0,86.0,28.9,35,10.5,117,950.1,12,86.0,2026-02-13T12:17:06.460076
"Kopripada-Vashi, Navi Mumbai - MPCB",Navi Mumbai,19.09,73.01,90.0,119.0,48.0,7.0,30.0,119.0,32.1,39,3.1,306,1012.0,12,119.0,2026-02-13T12:17:06.460076
"Krishak Nagar, Raipur - CECB",Raipur,21.24,81.71,0.0,0.0,20.0,9.0,45.0,45.0,29.4,31,5.2,78,982.4,12,45.0,2026-02-13T12:17:06.460076
"Krishna Nagar, Bharatpur - RSPCB",Bharatpur,27.22,77.51,52.0,84.0,33.0,7.0,37.0,84.0,23.8,56,5.1,278,996.3,12,84.0,2026-02-13T12:17:06.460076
"Kukrail Picnic Spot-1, Lucknow - UPPCB",Lucknow,26.91,80.99,23.0,31.0,33.0,39.0,12.0,39.0,23.8,47,8.8,289,1001.7,12,39.0,2026-02-13T12:17:06.460076
"Kurla, Mumbai - MPCB",Mumbai,19.09,72.89,87.0,110.0,7.0,37.0,19.0,110.0,26.1,70,6.5,304,1009.5,12,110.0,2026-02-13T12:17:06.460076
"LGBI Airport, Guwahati - PCBA",Guwahati,26.11,91.59,75.0,97.0,15.0,11.0,39.0,97.0,25.7,59,6.2,280,1008.4,12,97.0,2026-02-13T12:17:06.460076
"Lalbagh, Lucknow - CPCB",Lucknow,26.85,80.94,200.0,152.0,46.0,10.0,59.0,200.0,23.9,47,8.8,289,1002.5,12,200.0,2026-02-13T12:17:06.460076
"Lingaraj Nagar, Hubballi - KSPCB",Hubballi,15.37,75.12,42.0,61.0,11.0,2.0,10.0,61.0,29.7,22,16.8,99,943.8,12,61.0,2026-02-13T12:17:06.460076
"Lingraj Mandir, Bhubaneswar - OSPCB",Bhubaneswar,20.24,85.84,122.0,121.0,52.0,17.0,102.0,122.0,30.4,36,3.6,127,1012.3,12,122.0,2026-02-13T12:17:06.460076
"Lodhi Road, Delhi - IMD",Delhi,28.59,77.23,94.0,138.0,44.0,0.0,83.0,138.0,21.9,51,7.5,287,991.9,12,138.0,2026-02-13T12:17:06.460076
"Lohiyanagar, Begusarai - BSPCB",Begusarai,25.43,86.14,101.0,91.0,10.0,24.0,0.0,101.0,25.0,54,6.3,294,1010.6,12,101.0,2026-02-13T12:17:06.460076
"Lumpyngngad, Shillong - Meghalaya PCB",Shillong,25.56,91.9,11.0,0.0,0.0,14.0,18.0,35.0,16.2,44,10.9,56,844.9,12,35.0,2026-02-13T12:17:06.460076
"MD University, Rohtak - HSPCB",Rohtak,28.52,76.37,0.0,0.0,0.0,0.0,34.0,34.0,22.7,50,7.2,297,990.6,12,34.0,2026-02-13T12:17:06.460076
"MIDC Ambad, Nashik - MPCB",Nashik,19.95,73.73,53.0,98.0,20.0,19.0,31.0,98.0,29.2,34,10.0,116,941.5,12,98.0,2026-02-13T12:17:06.460076
"MIDC Chilkalthana, Aurangabad - MPCB",Aurangabad,19.88,75.39,99.0,95.0,48.0,16.0,48.0,99.0,29.3,36,7.8,167,949.8,12,99.0,2026-02-13T12:17:06.460076
"MIDC Khutala, Chandrapur - MPCB",Chandrapur,19.98,79.23,141.0,128.0,14.0,9.0,39.0,141.0,31.1,40,4.8,117,991.8,12,141.0,2026-02-13T12:17:06.460076
"MIT-Daudpur Kothi, Muzaffarpur - BSPCB",Muzaffarpur,26.14,85.37,97.0,65.0,3.0,10.0,44.0,97.0,25.5,42,7.2,267,1008.7,12,97.0,2026-02-13T12:17:06.460076
"MM Ground, Bikaner - RSPCB",Bikaner,28.02,73.29,80.0,146.0,53.0,11.0,32.0,146.0,23.9,40,3.7,331,988.9,12,146.0,2026-02-13T12:17:06.460076
"Madan Mohan Malaviya University of Technology, Gorakhpur - UPPCB",Gorakhpur,26.73,83.43,75.0,88.0,11.0,43.0,4.0,88.0,24.2,56,8.7,277,1006.1,12,88.0,2026-02-13T12:17:06.460076
"Maguda Nagar, Indore - IMC",Indore,22.75,75.89,87.0,63.0,13.0,12.0,30.0,87.0,29.2,37,3.6,143,954.7,12,87.0,2026-02-13T12:17:06.460076
"Mahabir Colliery, Asansol - WBPCB",Asansol,23.62,87.11,150.0,119.0,17.0,9.0,90.0,150.0,28.0,30,7.9,344,1003.1,12,150.0,2026-02-13T12:17:06.460076
"Mahal, Nagpur - MPCB",Nagpur,21.14,79.11,0.0,165.0,52.0,35.0,58.0,165.0,29.1,40,8.0,95,980.9,12,165.0,2026-02-13T12:17:06.460076
"Mahape, Navi Mumbai - MPCB",Navi Mumbai,19.11,73.01,59.0,130.0,86.0,20.0,0.0,130.0,32.1,39,3.1,306,1012.1,12,130.0,2026-02-13T12:17:06.460076
"Maharaj Bada, Gwalior - MPPCB",Gwalior,26.2,78.15,167.0,159.0,16.0,10.0,17.0,167.0,25.9,52,7.4,284,989.8,12,167.0,2026-02-13T12:17:06.460076
"Mahashweta Nagar, Ujjain - MPPCB",Ujjain,23.16,75.8,114.0,100.0,62.0,10.0,48.0,114.0,27.7,49,3.3,84,960.4,12,114.0,2026-02-13T12:17:06.460076
"Mahatma Basaveswar Colony, Kalaburgi - KSPCB",Kalaburagi,17.34,76.85,47.0,60.0,16.0,4.0,0.0,60.0,30.4,28,10.8,120,963.1,12,60.0,2026-02-13T12:17:06.460076
"Mahesh Nagar, Malegaon - MPCB",Malegaon,20.56,74.53,104.0,120.0,8.0,31.0,31.0,120.0,30.2,35,11.5,92,966.8,12,120.0,2026-02-13T12:17:06.460076
"Mahishkapur Road_B-Zone, Durgapur - WBPCB",Durgapur,23.57,87.31,71.0,85.0,30.0,11.0,36.0,85.0,28.5,30,8.0,350,1004.2,12,85.0,2026-02-13T12:17:06.460076
"Major Dhyan Chand National Stadium, Delhi - DPCC",Delhi,28.61,77.24,155.0,148.0,96.0,11.0,63.0,155.0,21.9,51,7.5,287,992.0,12,155.0,2026-02-13T12:17:06.460076
"Malad West, Mumbai - IITM",Mumbai,19.2,72.82,0.0,151.0,81.0,27.0,44.0,151.0,28.2,55,7.1,311,1012.4,12,151.0,2026-02-13T12:17:06.460076
"Maldahiya, Varanasi - UPPCB",Varanasi,25.32,83.0,59.0,64.0,2.0,27.0,29.0,64.0,25.3,56,7.5,287,1006.1,12,64.0,2026-02-13T12:17:06.460076
"Manali Village, Chennai - TNPCB",Chennai,13.17,80.26,53.0,82.0,6.0,18.0,29.0,82.0,29.2,56,12.0,41,1013.0,12,82.0,2026-02-13T12:17:06.460076
"Manali, Chennai - CPCB",Chennai,13.16,80.26,0.0,0.0,10.0,14.0,46.0,46.0,29.2,56,12.0,41,1013.1,12,46.0,2026-02-13T12:17:06.460076
"Mandir Marg, Delhi - DPCC",Delhi,28.64,77.2,118.0,145.0,96.0,18.0,32.0,145.0,21.7,51,7.5,287,988.7,12,145.0,2026-02-13T12:17:06.460076
"Mandor, Jodhpur - RSPCB",Jodhpur,26.36,73.05,50.0,59.0,21.0,7.0,17.0,59.0,27.4,24,1.5,76,988.3,12,59.0,2026-02-13T12:17:06.460076
"Mangala, Bilaspur - NTPC",Bilaspur,22.09,82.14,81.0,88.0,25.0,25.0,43.0,88.0,29.0,34,4.1,165,984.9,12,88.0,2026-02-13T12:17:06.460076
"Maninagar, Ahmedabad - GPCB",Ahmedabad,23.0,72.59,127.0,112.0,106.0,32.0,22.0,127.0,31.2,36,3.8,73,1008.9,12,127.0,2026-02-13T12:17:06.460076
"Manoharpur, Agra - UPPCB",Agra,27.24,78.02,58.0,74.0,26.0,5.0,20.0,74.0,23.3,55,6.4,286,998.0,12,74.0,2026-02-13T12:17:06.460076
"Mansarovar Sector-12, Jaipur - RSPCB",Jaipur,26.84,75.77,94.0,134.0,65.0,10.0,62.0,134.0,26.5,29,8.1,257,971.8,12,134.0,2026-02-13T12:17:06.460076
"Marhatal, Jabalpur - MPPCB",Jabalpur,23.17,79.93,109.0,138.0,31.0,13.0,91.0,138.0,27.1,43,4.1,322,970.4,12,138.0,2026-02-13T12:17:06.460076
"Mariam Nagar, Purnia - BSPCB",Purnia,25.37,87.12,96.0,74.0,6.0,13.0,56.0,96.0,25.4,53,7.5,305,1010.2,12,96.0,2026-02-13T12:17:06.460076
"Masoom Colony, Parbhani - MPCB",Parbhani,19.27,76.76,55.0,75.0,15.0,12.0,11.0,75.0,30.6,31,5.2,146,967.4,12,75.0,2026-02-13T12:17:06.460076
"Mavdi, Rajkot - Nexteng Enviro ",Rajkot,22.25,70.78,203.0,170.0,39.0,64.0,111.0,203.0,28.7,41,8.1,21,999.5,12,203.0,2026-02-13T12:17:06.460076
"Mayaganj, Bhagalpur - BSPCB",Bhagalpur,25.27,87.01,22.0,84.0,7.0,49.0,74.0,84.0,25.6,53,7.1,311,1012.1,12,84.0,2026-02-13T12:17:06.460076
"Mazgaon, Mumbai - IITM",Mumbai,18.97,72.84,112.0,106.0,82.0,21.0,77.0,112.0,26.2,70,6.5,304,1011.0,12,112.0,2026-02-13T12:17:06.460076
"Meelavittan, Thoothukudi - TNPCB",Thoothukudi,8.82,78.1,0.0,63.0,13.0,10.0,37.0,63.0,30.3,56,13.7,30,1010.8,12,63.0,2026-02-13T12:17:06.460076
"Meher Colony, Baripada - OSPCB",Baripada,21.94,86.73,69.0,77.0,13.0,18.0,37.0,77.0,29.0,31,13.7,18,1008.9,12,77.0,2026-02-13T12:17:06.460076
"Mhada Colony, Pune - IITM",Pune,18.57,73.93,125.0,173.0,74.0,0.0,89.0,173.0,29.7,33,11.1,103,951.7,12,173.0,2026-02-13T12:17:06.460076
"Mindspace-Malad West, Mumbai - MPCB",Mumbai,19.19,72.83,92.0,115.0,60.0,22.0,71.0,115.0,28.2,55,7.1,311,1012.7,12,115.0,2026-02-13T12:17:06.460076
"Mini Secretariat, Charkhi Dadri - HSPCB",Charkhi Dadri,28.59,76.27,164.0,136.0,15.0,10.0,13.0,164.0,23.0,49,6.9,298,990.6,12,164.0,2026-02-13T12:17:06.460076
"Mirchaibari, Katihar - BSPCB",Katihar,25.56,87.55,70.0,100.0,9.0,19.0,68.0,100.0,26.7,44,7.4,293,1010.5,12,100.0,2026-02-13T12:17:06.460076
"Model Town, Patiala - PPCB",Patiala,30.35,76.37,47.0,76.0,18.0,14.0,33.0,76.0,22.2,53,8.4,310,986.3,12,76.0,2026-02-13T12:17:06.460076
"More Chowk Waluj, Aurangabad - MPCB",Aurangabad,19.84,75.24,123.0,110.0,19.0,14.0,39.0,123.0,30.0,36,9.6,167,954.8,12,123.0,2026-02-13T12:17:06.460076
"Moti Doongri, Alwar - RSPCB",Alwar,27.55,76.61,74.0,123.0,68.0,14.0,87.0,123.0,23.7,33,9.5,295,984.5,12,123.0,2026-02-13T12:17:06.460076
"Motilal Nehru NIT, Prayagraj - UPPCB",Prayagraj,25.49,81.86,63.0,62.0,12.0,27.0,30.0,63.0,25.3,54,6.8,295,1004.4,12,63.0,2026-02-13T12:17:06.460076
"Mudtra Sili, Jalore - RSPCB",Jalore,25.34,72.63,83.0,113.0,44.0,8.0,39.0,113.0,28.9,26,5.9,38,995.9,12,113.0,2026-02-13T12:17:06.460076
"Mulund West, Mumbai - MPCB",Mumbai,19.18,72.94,77.0,0.0,16.0,0.0,0.0,77.0,31.8,39,3.1,306,1006.5,12,77.0,2026-02-13T12:17:06.460076
"Mundka, Delhi - DPCC",Delhi,28.68,77.08,238.0,231.0,76.0,26.0,50.0,238.0,21.3,61,7.4,284,990.9,12,238.0,2026-02-13T12:17:06.460076
"Municipal Corporation Office, Dharuhera -  HSPCB",Dharuhera,28.21,76.8,134.0,108.0,50.0,7.0,78.0,134.0,22.9,49,7.2,297,987.9,12,134.0,2026-02-13T12:17:06.460076
"Muradpur, Patna - BSPCB",Patna,25.62,85.15,80.0,112.0,11.0,8.0,34.0,112.0,25.5,43,7.2,288,1008.8,12,112.0,2026-02-13T12:17:06.460076
"Murthal, Sonipat - HSPCB",Sonipat,29.03,77.06,136.0,0.0,13.0,8.0,4.0,136.0,21.0,64,6.6,283,990.9,12,136.0,2026-02-13T12:17:06.460076
"Muzaffarpur Collectorate, Muzaffarpur - BSPCB",Muzaffarpur,26.12,85.36,89.0,0.0,12.0,6.0,0.0,89.0,25.5,42,7.2,267,1008.9,12,89.0,2026-02-13T12:17:06.460076
"NISE Gwal Pahari, Gurugram - IMD",Gurugram,28.42,77.15,151.0,160.0,0.0,0.0,56.0,160.0,22.2,51,8.6,292,987.0,12,160.0,2026-02-13T12:17:06.460076
"NSI Kalyanpur, Kanpur - UPPCB",Kanpur,26.51,80.25,40.0,84.0,25.0,43.0,32.0,84.0,23.2,54,9.0,299,1001.6,12,84.0,2026-02-13T12:17:06.460076
"NSIT Dwarka, Delhi - CPCB",Delhi,28.61,77.03,167.0,146.0,18.0,15.0,47.0,167.0,21.7,59,7.4,284,991.6,12,167.0,2026-02-13T12:17:06.460076
"Nacharam_TSIIC IALA, Hyderabad - TSPCB",Hyderabad,17.43,78.57,53.0,78.0,12.0,14.0,34.0,78.0,29.1,32,9.9,109,959.2,12,78.0,2026-02-13T12:17:06.460076
"Nagar Nigam, Prayagraj - UPPCB",Prayagraj,25.45,81.83,50.0,60.0,5.0,34.0,39.0,60.0,25.2,54,6.8,295,1003.7,12,60.0,2026-02-13T12:17:06.460076
"Nagla Bhau, Firozabad - UPPCB",Firozabad,27.17,78.38,61.0,77.0,17.0,0.0,16.0,77.0,22.8,59,6.4,286,997.3,12,77.0,2026-02-13T12:17:06.460076
"Naharlagun, Naharlagun - APSPCB",Naharlagun,27.1,93.68,188.0,178.0,7.0,10.0,25.0,188.0,24.3,37,9.4,162,993.0,12,188.0,2026-02-13T12:17:06.460076
"Najafgarh, Delhi - DPCC",Delhi,28.57,76.93,113.0,92.0,61.0,22.0,33.0,113.0,21.8,59,7.4,284,992.1,12,113.0,2026-02-13T12:17:06.460076
"Narela, Delhi - DPCC",Delhi,28.82,77.1,232.0,168.0,35.0,17.0,53.0,232.0,20.8,67,6.6,279,991.7,12,232.0,2026-02-13T12:17:06.460076
"Nathu Colony, Ballabgarh - HSPCB",Ballabgarh,28.34,77.32,193.0,266.0,20.0,5.0,34.0,266.0,21.1,61,8.1,283,992.8,12,266.0,2026-02-13T12:17:06.460076
"Navy Nagar-Colaba, Mumbai - IITM",Mumbai,18.9,72.81,151.0,141.0,99.0,0.0,74.0,151.0,26.1,69,8.6,345,1012.4,12,151.0,2026-02-13T12:17:06.460076
"Nawapara SECL Colony, Chhal - CECB",Chhal,22.12,83.14,56.0,0.0,9.0,0.0,0.0,56.0,30.3,24,6.4,297,985.5,12,56.0,2026-02-13T12:17:06.460076
"Nayapura, Kota - RSPCB",Kota,25.2,75.86,105.0,114.0,60.0,11.0,34.0,114.0,26.2,57,1.5,166,986.4,12,114.0,2026-02-13T12:17:06.460076
"Nehru Nagar, Delhi - DPCC",Delhi,28.57,77.25,223.0,166.0,78.0,29.0,74.0,223.0,21.9,51,7.5,287,990.8,12,223.0,2026-02-13T12:17:06.460076
"Nehru Nagar, Kanpur - UPPCB",Kanpur,26.47,80.32,67.0,56.0,52.0,14.0,55.0,67.0,23.3,52,8.7,300,1001.1,12,67.0,2026-02-13T12:17:06.460076
"New Colony, Bundi - RSPCB",Bundi,25.44,75.64,94.0,104.0,37.0,11.0,30.0,104.0,26.5,50,2.5,188,984.7,12,104.0,2026-02-13T12:17:06.460076
"New DM Office, Arrah - BSPCB",Arrah,25.56,84.66,0.0,0.0,7.0,0.0,55.0,55.0,25.2,47,8.4,295,1008.7,12,55.0,2026-02-13T12:17:06.460076
"New Industrial Town, Faridabad - HSPCB",Faridabad,28.39,77.3,195.0,134.0,25.0,8.0,12.0,195.0,21.6,57,8.4,290,992.6,12,195.0,2026-02-13T12:17:06.460076
"New Malakpet, Hyderabad - TSPCB",Hyderabad,17.37,78.51,72.0,92.0,16.0,18.0,31.0,92.0,29.7,30,11.3,107,959.1,12,92.0,2026-02-13T12:17:06.460076
"New Mandi, Muzaffarnagar - UPPCB",Muzaffarnagar,29.47,77.72,148.0,128.0,0.0,17.0,40.0,148.0,21.5,63,8.1,283,986.8,12,148.0,2026-02-13T12:17:06.460076
"North Campus, DU, Delhi - IMD",Delhi,28.66,77.16,140.0,138.0,75.0,0.0,36.0,140.0,21.2,61,7.4,284,989.7,12,140.0,2026-02-13T12:17:06.460076
"OMC Colony, Suakati - OSPCB",Suakati,21.61,85.51,83.0,120.0,8.0,10.0,23.0,120.0,28.1,23,5.3,332,942.7,12,120.0,2026-02-13T12:17:06.460076
"OP Jindal Industrial Park, Tumidih - CECB",Tumidih,22.07,83.34,71.0,94.0,62.0,6.0,31.0,94.0,30.7,23,7.9,309,981.0,12,94.0,2026-02-13T12:17:06.460076
"OP Jindal School, Kunjemura - CECB",Kunjemura,22.13,83.48,60.0,129.0,35.0,10.0,40.0,129.0,31.1,24,8.3,304,985.5,12,129.0,2026-02-13T12:17:06.460076
"Okhla Phase-2, Delhi - DPCC",Delhi,28.53,77.27,183.0,162.0,103.0,14.0,101.0,183.0,21.4,55,7.5,287,989.8,12,183.0,2026-02-13T12:17:06.460076
"Old City, Sri Ganganagar - RSPCB",Sri Ganganagar,29.93,73.86,104.0,197.0,64.0,7.0,52.0,197.0,23.3,44,1.1,288,995.7,12,197.0,2026-02-13T12:17:06.460076
"Omex Eternity, Vrindavan - UPPCB",Vrindavan,27.57,77.66,51.0,69.0,27.0,18.0,32.0,69.0,22.6,57,7.8,283,995.1,12,69.0,2026-02-13T12:17:06.460076
"Opp GPO Civil Lines, Nagpur - MPCB",Nagpur,21.15,79.05,182.0,143.0,31.0,24.0,46.0,182.0,29.0,41,8.6,88,979.3,12,182.0,2026-02-13T12:17:06.460076
"PCBL Residential Complex, Durgapur - WBPCB",Durgapur,23.51,87.35,147.0,105.0,44.0,6.0,89.0,147.0,28.7,30,9.4,360,1004.5,12,147.0,2026-02-13T12:17:06.460076
"PSG College of Arts and Science, Coimbatore - TNPCB",Coimbatore,11.03,77.03,81.0,62.0,10.0,3.0,0.0,81.0,30.2,43,20.6,57,967.6,12,81.0,2026-02-13T12:17:06.460076
"PWD Junction, Kohima - NPCB",Kohima,25.66,94.1,56.0,48.0,4.0,79.0,10.0,79.0,17.5,52,7.9,321,854.1,12,79.0,2026-02-13T12:17:06.460076
"Padmapukur, Howrah - WBPCB",Howrah,22.57,88.28,138.0,157.0,95.0,8.0,54.0,157.0,26.2,52,8.0,350,1014.0,12,157.0,2026-02-13T12:17:06.460076
"Pallavpuram Phase 2, Meerut - UPPCB",Meerut,29.06,77.71,140.0,123.0,20.0,12.0,40.0,140.0,21.6,58,8.7,277,989.6,12,140.0,2026-02-13T12:17:06.460076
"Pan Bazaar, Guwahati - PCBA",Guwahati,26.19,91.74,241.0,140.0,0.0,41.0,33.0,241.0,25.8,58,6.1,273,1008.7,12,241.0,2026-02-13T12:17:06.460076
"Panchawati_Pashan, Pune - IITM",Pune,18.54,73.81,104.0,101.0,20.0,0.0,10.0,104.0,30.0,30,14.0,90,949.6,12,104.0,2026-02-13T12:17:06.460076
"Park Street Wakad, Pimpri Chinchwad - MPCB",Pimpri-Chinchwad,18.59,73.78,103.0,110.0,77.0,7.0,61.0,110.0,30.1,31,13.8,97,952.7,12,110.0,2026-02-13T12:17:06.460076
"Paryavaran Parisar, Bhopal - MPPCB",Bhopal,23.21,77.43,86.0,124.0,52.0,16.0,25.0,124.0,27.8,42,0.8,297,959.8,12,124.0,2026-02-13T12:17:06.460076
"Patia, Bhubaneswar - OSPCB",Bhubaneswar,20.35,85.82,115.0,138.0,28.0,13.0,37.0,138.0,30.5,35,3.2,117,1009.3,12,138.0,2026-02-13T12:17:06.460076
"Patparganj, Delhi - DPCC",Delhi,28.62,77.29,196.0,172.0,83.0,23.0,0.0,196.0,22.0,51,7.5,287,992.4,12,196.0,2026-02-13T12:17:06.460076
"Patti Mehar, Ambala - HSPCB",Ambala,30.38,76.78,128.0,111.0,23.0,22.0,28.0,128.0,21.7,61,9.1,304,984.1,12,128.0,2026-02-13T12:17:06.460076
"Perungudi, Chennai - TNPCB",Chennai,12.95,80.24,67.0,102.0,7.0,4.0,39.0,102.0,29.7,53,11.2,42,1013.0,12,102.0,2026-02-13T12:17:06.460076
"Phase-1 GIDC, Vapi - GPCB",Vapi,20.36,72.92,68.0,68.0,19.0,10.0,0.0,68.0,25.5,72,8.9,333,1010.2,12,68.0,2026-02-13T12:17:06.460076
"Phase-4 GIDC, Vatva - GPCB",Vatva,22.97,72.64,153.0,133.0,73.0,21.0,18.0,153.0,31.3,36,3.8,73,1009.4,12,153.0,2026-02-13T12:17:06.460076
"Pimpleshwar Mandir, Kalyan - MPCB",Kalyan,19.19,72.96,105.0,141.0,20.0,22.0,91.0,141.0,32.0,38,4.2,329,1011.0,12,141.0,2026-02-13T12:17:06.460076
"Plammoodu, Thiruvananthapuram - Kerala PCB",Thiruvananthapuram,8.51,76.94,0.0,0.0,0.0,12.0,18.0,20.0,31.3,52,11.1,205,1010.0,12,20.0,2026-02-13T12:17:06.460076
"Polayathode, Kollam - Kerala PCB",Kollam,8.88,76.61,46.0,76.0,0.0,0.0,0.0,76.0,30.2,57,1.8,281,1009.2,12,76.0,2026-02-13T12:17:06.460076
"Police Commissionerate, Jaipur - RSPCB",Jaipur,26.92,75.8,95.0,98.0,135.0,27.0,63.0,135.0,26.2,29,8.1,257,966.5,12,135.0,2026-02-13T12:17:06.460076
"Police Line, Saharsa - BSPCB",Saharsa,25.89,86.59,105.0,116.0,7.0,14.0,40.0,116.0,25.4,51,6.6,279,1009.9,12,116.0,2026-02-13T12:17:06.460076
"Police Lines, Jind - HSPCB",Jind,29.31,76.34,112.0,88.0,45.0,7.0,5.0,112.0,22.1,53,7.3,290,989.9,12,112.0,2026-02-13T12:17:06.460076
"Powai, Mumbai - MPCB",Mumbai,19.14,72.92,63.0,67.0,8.0,0.0,0.0,67.0,25.9,70,6.5,304,1005.8,12,67.0,2026-02-13T12:17:06.460076
"Prabhat Colony, Jalgaon - MPCB",Jalgaon,21.0,75.57,137.0,120.0,15.0,14.0,20.0,137.0,30.8,44,8.0,95,989.0,12,137.0,2026-02-13T12:17:06.460076
"Pragati Nagar, Pratapgarh - RSPCB",Pratapgarh,24.04,74.78,83.0,104.0,19.0,6.0,21.0,104.0,28.1,43,2.7,157,959.9,12,104.0,2026-02-13T12:17:06.460076
"Pratap Nagar, Bhilwara - RSPCB",Bhilwara,25.34,74.62,106.0,101.0,28.0,15.0,20.0,106.0,26.3,46,5.0,201,967.7,12,106.0,2026-02-13T12:17:06.460076
"Priyambada Housing Estate, Haldia - WBPCB",Haldia,22.06,88.11,132.0,113.0,26.0,13.0,52.0,132.0,27.6,40,10.5,352,1014.0,12,132.0,2026-02-13T12:17:06.460076
"Punjab Agricultural University, Ludhiana - PPCB",Ludhiana,30.9,75.81,75.0,89.0,21.0,39.0,64.0,89.0,21.8,58,5.8,300,986.9,12,89.0,2026-02-13T12:17:06.460076
"Punjabi Bagh, Delhi - DPCC",Delhi,28.67,77.13,223.0,166.0,46.0,20.0,34.0,223.0,21.3,61,7.4,284,991.1,12,223.0,2026-02-13T12:17:06.460076
"Pusa, Delhi - DPCC",Delhi,28.64,77.15,209.0,175.0,78.0,13.0,73.0,209.0,21.3,61,7.4,284,991.1,12,209.0,2026-02-13T12:17:06.460076
"Pusa, Delhi - IMD",Delhi,28.64,77.17,146.0,144.0,108.0,0.0,105.0,146.0,21.2,61,7.4,284,989.7,12,146.0,2026-02-13T12:17:06.460076
"R K Puram, Delhi - DPCC",Delhi,28.56,77.19,203.0,153.0,59.0,35.0,80.0,203.0,21.3,55,7.5,287,989.6,12,203.0,2026-02-13T12:17:06.460076
"RIICO Ind. Area III, Bhiwadi - RSPCB",Bhiwadi,28.19,76.86,160.0,149.0,57.0,30.0,64.0,160.0,22.4,51,8.2,293,984.7,12,160.0,2026-02-13T12:17:06.460076
"RIICO Sitapura, Jaipur - RSPCB",Jaipur,26.79,75.83,169.0,146.0,87.0,2.0,50.0,169.0,25.5,41,7.2,243,974.7,12,169.0,2026-02-13T12:17:06.460076
"RIMT University, Mandi Gobindgarh - PPCB",Mandi Gobindgarh,30.65,76.33,242.0,216.0,24.0,30.0,84.0,242.0,22.1,54,8.7,312,985.0,12,242.0,2026-02-13T12:17:06.460076
"RVCE-Mailasandra, Bengaluru - KSPCB",Bengaluru,12.92,77.5,123.0,105.0,31.0,6.0,16.0,123.0,30.3,20,14.0,89,927.6,12,123.0,2026-02-13T12:17:06.460076
"Rabindra Bharati University, Kolkata - WBPCB",Kolkata,22.63,88.38,230.0,166.0,106.0,9.0,66.0,230.0,26.4,48,7.4,346,1013.3,12,230.0,2026-02-13T12:17:06.460076
"Rabindra Sarobar, Kolkata - WBPCB",Kolkata,22.51,88.35,149.0,103.0,109.0,21.0,58.0,149.0,26.6,46,7.5,343,1013.3,12,149.0,2026-02-13T12:17:06.460076
"Rachnakar Colony, Aurangabad - MPCB",Aurangabad,19.86,75.32,111.0,109.0,46.0,21.0,39.0,111.0,29.4,36,7.8,167,952.6,12,111.0,2026-02-13T12:17:06.460076
"Radhakishan Pura, Sikar - RSPCB",Sikar,27.61,75.15,95.0,163.0,43.0,5.0,43.0,163.0,24.7,31,8.3,288,967.4,12,163.0,2026-02-13T12:17:06.460076
"Raghunathpali, Rourkela - OSPCB",Rourkela,22.22,84.81,117.0,104.0,15.0,0.0,63.0,117.0,27.9,28,3.7,79,994.1,12,117.0,2026-02-13T12:17:06.460076
"Raikhad, Ahmedabad - IITM",Ahmedabad,23.02,72.58,106.0,150.0,87.0,24.0,0.0,150.0,31.2,36,3.8,73,1008.9,12,150.0,2026-02-13T12:17:06.460076
"Railway Colony, Barmer - RSPCB",Barmer,25.75,71.39,47.0,85.0,18.0,8.0,101.0,101.0,27.5,24,4.3,66,992.7,12,101.0,2026-02-13T12:17:06.460076
"Railway Colony, Guwahati - PCBA",Guwahati,26.18,91.78,301.0,186.0,0.0,25.0,20.0,301.0,25.9,60,7.4,299,1007.3,12,301.0,2026-02-13T12:17:06.460076
"Raja Ganj, Dholpur - RSPCB",Dholpur,26.7,77.9,102.0,100.0,0.0,7.0,0.0,102.0,23.8,63,2.5,278,996.0,12,102.0,2026-02-13T12:17:06.460076
"Rajbagh, Srinagar - JKPCC",Srinagar,34.07,74.82,20.0,31.0,0.0,3.0,13.0,31.0,11.0,54,4.7,4,846.1,12,31.0,2026-02-13T12:17:06.460076
"Rajbansi Nagar, Patna - BSPCB",Patna,25.6,85.11,94.0,121.0,27.0,6.0,41.0,121.0,25.5,43,7.2,288,1009.0,12,121.0,2026-02-13T12:17:06.460076
"Rajendra Nagar, Bareilly - UPPCB",Bareilly,28.39,79.43,35.0,68.0,10.0,38.0,3.0,68.0,21.5,64,8.0,262,995.1,12,68.0,2026-02-13T12:17:06.460076
"Rajiv Gandhi Park, Vijayawada - APPCB",Vijayawada,16.51,80.61,0.0,0.0,0.0,0.0,33.0,33.0,30.2,40,6.4,117,1012.5,12,33.0,2026-02-13T12:17:06.460076
"Rajiv Nagar, Vijayawada - APPCB",Vijayawada,16.55,80.65,59.0,69.0,28.0,18.0,47.0,69.0,30.2,40,6.4,117,1012.3,12,69.0,2026-02-13T12:17:06.460076
"Rajlaxmi Nagar, Jhalawar - RSPCB",Jhalawar,24.59,76.17,106.0,103.0,99.0,11.0,36.0,106.0,26.6,49,3.2,117,980.4,12,106.0,2026-02-13T12:17:06.460076
"Rakhial, Ahmedabad - IITM",Ahmedabad,23.02,72.63,121.0,134.0,62.0,0.0,36.0,134.0,31.2,36,3.8,73,1008.2,12,134.0,2026-02-13T12:17:06.460076
"Ram Nagar, Nagpur - MPCB",Nagpur,21.14,79.05,181.0,146.0,30.0,24.0,45.0,181.0,29.0,41,8.6,88,978.6,12,181.0,2026-02-13T12:17:06.460076
"Ramachandrapuram, Hyderabad - TSPCB",Hyderabad,17.53,78.29,47.0,77.0,21.0,11.0,30.0,77.0,29.6,31,10.9,107,955.7,12,77.0,2026-02-13T12:17:06.460076
"Ramdaspeth, Akola - MPCB",Akola,20.72,77.0,65.0,97.0,50.0,18.0,20.0,97.0,31.4,36,6.6,119,982.3,12,97.0,2026-02-13T12:17:06.460076
"Rampur, Korba - CECB",Korba,22.37,82.75,79.0,81.0,9.0,0.0,23.0,81.0,28.8,27,6.9,321,979.9,12,81.0,2026-02-13T12:17:06.460076
"Ratandeep Housing Society, Solapur - MPCB",Solapur,17.65,75.91,96.0,113.0,49.0,16.0,33.0,113.0,29.2,36,7.7,143,961.2,12,113.0,2026-02-13T12:17:06.460076
"Ratanpura, Rupnagar - Ambuja Cements",Rupnagar,31.03,76.56,34.0,46.0,27.0,6.0,40.0,46.0,22.4,54,7.7,298,983.8,12,46.0,2026-02-13T12:17:06.460076
"Rati Talai, Banswara - RSPCB",Banswara,23.56,74.44,82.0,100.0,33.0,7.0,30.0,100.0,29.6,49,4.1,75,990.5,12,100.0,2026-02-13T12:17:06.460076
"Regional Park, Indore - IMC",Indore,22.68,75.86,100.0,0.0,24.0,12.0,23.0,100.0,28.3,40,6.6,139,952.2,12,100.0,2026-02-13T12:17:06.460076
"Residency Area, Indore - IMC",Indore,22.71,75.88,67.0,75.0,27.0,2.0,32.0,75.0,29.1,37,3.6,143,952.9,12,75.0,2026-02-13T12:17:06.460076
"Revenue Colony-Shivajinagar, Pune - IITM",Pune,18.53,73.85,115.0,0.0,68.0,9.0,82.0,115.0,31.4,32,10.1,94,952.8,12,115.0,2026-02-13T12:17:06.460076
"Rishi Nagar, Kaithal - HSPCB",Kaithal,29.8,76.42,62.0,76.0,31.0,31.0,41.0,76.0,21.7,59,6.8,288,988.7,12,76.0,2026-02-13T12:17:06.460076
"Rohini, Delhi - DPCC",Delhi,28.73,77.12,234.0,184.0,49.0,20.0,29.0,234.0,21.3,62,7.3,281,991.3,12,234.0,2026-02-13T12:17:06.460076
"Rohta, Agra - UPPCB",Agra,27.11,78.0,63.0,103.0,14.0,10.0,18.0,103.0,23.3,58,6.0,287,997.1,12,103.0,2026-02-13T12:17:06.460076
"Royapuram, Chennai - TNPCB",Chennai,13.1,80.29,71.0,90.0,18.0,6.0,53.0,90.0,29.7,53,11.2,42,1012.4,12,90.0,2026-02-13T12:17:06.460076
"SAC ISRO Bopal, Ahmedabad - IITM",Ahmedabad,23.04,72.46,0.0,147.0,0.0,15.0,29.0,147.0,31.3,35,3.4,58,1008.9,12,147.0,2026-02-13T12:17:06.460076
"SAC ISRO Satellite, Ahmedabad - IITM",Ahmedabad,23.02,72.52,128.0,132.0,21.0,0.0,76.0,132.0,31.3,35,3.4,58,1008.8,12,132.0,2026-02-13T12:17:06.460076
"SDM Office_Khagra, Kishanganj - BSPCB",Kishanganj,26.09,87.94,229.0,120.0,0.0,6.0,18.0,229.0,26.8,49,5.8,263,1009.1,12,229.0,2026-02-13T12:17:06.460076
"SFTI Kusdihra, Gaya - BSPCB",Gaya,24.76,84.98,0.0,72.0,25.0,0.0,34.0,72.0,25.6,46,8.4,317,1001.7,12,72.0,2026-02-13T12:17:06.460076
"SIDCO Kurichi, Coimbatore - TNPCB",Coimbatore,10.94,76.98,62.0,60.0,15.0,22.0,24.0,62.0,30.3,43,20.6,57,969.7,12,62.0,2026-02-13T12:17:06.460076
"SIPCOT Industrial Park, Perundurai - TNPCB",Perundurai,11.26,77.55,0.0,0.0,12.0,15.0,41.0,41.0,30.4,44,14.1,75,979.7,12,41.0,2026-02-13T12:17:06.460076
"SVPI Airport Hansol, Ahmedabad - IITM",Ahmedabad,23.08,72.63,99.0,0.0,0.0,0.0,13.0,99.0,31.6,35,4.7,94,1008.0,12,99.0,2026-02-13T12:17:06.460076
"SVSPA Campus, Barrackpore - WBPCB",Barrackpore,22.76,88.36,86.0,91.0,28.0,11.0,90.0,91.0,26.2,52,7.7,349,1012.7,12,91.0,2026-02-13T12:17:06.460076
"Sadanand Nagar, Mehsana - Nexteng Enviro",Mehsana,23.59,72.37,94.0,118.0,35.0,11.0,151.0,151.0,30.8,36,3.9,112,1005.5,12,151.0,2026-02-13T12:17:06.460076
"Sadar Bazar, Jaisalmer - RSPCB",Jaisalmer,26.91,70.91,89.0,117.0,35.0,4.0,26.0,117.0,24.3,39,4.7,32,989.1,12,117.0,2026-02-13T12:17:06.460076
"Sahu Nagar, Sawai Madhopur - RSPCB",Sawai Madhopur,26.03,76.36,119.0,175.0,30.0,3.0,29.0,175.0,25.8,60,6.5,236,986.5,12,175.0,2026-02-13T12:17:06.460076
"Samanpura, Patna - BSPCB",Patna,25.6,85.09,85.0,139.0,14.0,4.0,82.0,139.0,25.5,43,7.2,288,1008.9,12,139.0,2026-02-13T12:17:06.460076
"Samrat Ashok Udhyan, Jodhpur - RSPCB",Jodhpur,26.25,72.98,54.0,85.0,17.0,8.0,17.0,85.0,27.6,24,1.5,76,989.2,12,85.0,2026-02-13T12:17:06.460076
"Sanathnagar, Hyderabad - TSPCB",Hyderabad,17.46,78.43,76.0,0.0,46.0,25.0,56.0,76.0,29.3,34,10.6,114,954.0,12,76.0,2026-02-13T12:17:06.460076
"Sanegurava Halli, Bengaluru - KSPCB",Bengaluru,12.99,77.54,0.0,51.0,18.0,6.0,29.0,51.0,29.0,21,14.4,89,915.8,12,51.0,2026-02-13T12:17:06.460076
"Sanjay Nagar, Ghaziabad - UPPCB",Ghaziabad,28.69,77.45,162.0,164.0,81.0,17.0,35.0,164.0,21.5,57,7.9,286,991.1,12,164.0,2026-02-13T12:17:06.460076
"Sanjay Palace, Agra - UPPCB",Agra,27.2,78.01,134.0,96.0,5.0,18.0,36.0,134.0,23.2,55,6.4,286,996.6,12,134.0,2026-02-13T12:17:06.460076
"Sanpada, Navi Mumbai - MPCB",Navi Mumbai,19.06,73.02,123.0,147.0,14.0,25.0,82.0,147.0,32.1,39,3.1,306,1012.3,12,147.0,2026-02-13T12:17:06.460076
"Sardar Patel Inter College, Baghpat - UPPCB",Baghpat,28.96,77.28,117.0,125.0,32.0,27.0,35.0,125.0,20.9,66,6.5,276,990.0,12,125.0,2026-02-13T12:17:06.460076
"Sardar Patel Nagar, Dhanbad - JSPCB",Dhanbad,23.81,86.44,104.0,142.0,56.0,0.0,4.0,142.0,28.1,29,7.5,343,986.6,12,142.0,2026-02-13T12:17:06.460076
"Satyawati Vihar, Karauli - RSPCB",Karauli,26.51,77.03,71.0,79.0,36.0,3.0,50.0,79.0,24.2,62,5.4,266,985.5,12,79.0,2026-02-13T12:17:06.460076
"Savitribai Phule Pune University, Pune - MPCB",Pune,18.55,73.83,83.0,103.0,11.0,3.0,50.0,103.0,31.3,32,10.1,94,951.4,12,103.0,2026-02-13T12:17:06.460076
"Savta Mali Nagar, Pimpri-Chinchwad - IITM",Pimpri-Chinchwad,18.61,73.8,104.0,0.0,60.0,0.0,63.0,104.0,30.1,31,13.8,97,952.3,12,104.0,2026-02-13T12:17:06.460076
"Science Center, Surat - SMC",Surat,21.17,72.8,302.0,234.0,24.0,23.0,45.0,302.0,28.4,59,7.0,348,1012.7,12,302.0,2026-02-13T12:17:06.460076
"Secretariat, Amaravati - APPCB",Amaravati,16.52,80.52,79.0,128.0,40.0,16.0,30.0,128.0,30.7,39,6.3,114,1011.8,12,128.0,2026-02-13T12:17:06.460076
"Sector - 125, Noida - UPPCB",Noida,28.54,77.32,185.0,109.0,75.0,10.0,79.0,185.0,22.4,49,7.6,289,993.7,12,185.0,2026-02-13T12:17:06.460076
"Sector - 62, Noida - IMD",Noida,28.62,77.36,128.0,131.0,7.0,0.0,30.0,131.0,22.0,52,7.1,285,992.8,12,131.0,2026-02-13T12:17:06.460076
"Sector 22, Chandigarh - CPCC",Chandigarh,30.74,76.78,80.0,71.0,13.0,10.0,52.0,80.0,22.3,55,9.4,302,975.2,12,80.0,2026-02-13T12:17:06.460076
"Sector 30, Faridabad - HSPCB",Faridabad,28.44,77.32,93.0,0.0,0.0,0.0,61.0,93.0,22.4,49,7.6,289,992.7,12,93.0,2026-02-13T12:17:06.460076
"Sector-1, Noida - UPPCB",Noida,28.59,77.31,182.0,144.0,78.0,14.0,80.0,182.0,21.9,51,7.5,287,992.3,12,182.0,2026-02-13T12:17:06.460076
"Sector-10, Gandhinagar - GPCB",Gandhinagar,23.22,72.65,142.0,140.0,33.0,9.0,60.0,142.0,31.2,37,5.1,98,1005.9,12,142.0,2026-02-13T12:17:06.460076
"Sector-116, Noida - UPPCB",Noida,28.57,77.39,155.0,134.0,50.0,9.0,56.0,155.0,22.0,52,7.1,285,993.1,12,155.0,2026-02-13T12:17:06.460076
"Sector-12, Karnal - HSPCB",Karnal,29.7,77.0,119.0,106.0,6.0,6.0,33.0,119.0,21.1,64,7.7,281,986.9,12,119.0,2026-02-13T12:17:06.460076
"Sector-2 IMT, Manesar - HSPCB",Manesar,28.36,76.94,149.0,117.0,51.0,26.0,26.0,149.0,22.1,56,8.4,290,987.9,12,149.0,2026-02-13T12:17:06.460076
"Sector-2 Industrial Area, Pithampur - MPPCB",Pithampur,22.62,75.68,255.0,206.0,44.0,32.0,27.0,255.0,29.5,36,4.3,156,950.2,12,255.0,2026-02-13T12:17:06.460076
"Sector-2 Murlipura, Jaipur - RSPCB",Jaipur,26.96,75.77,74.0,106.0,49.0,7.0,60.0,106.0,26.5,29,9.0,265,965.6,12,106.0,2026-02-13T12:17:06.460076
"Sector-2, Rourkela - OSPCB",Rourkela,22.25,84.88,50.0,0.0,0.0,0.0,36.0,50.0,28.1,25,3.5,24,990.8,12,50.0,2026-02-13T12:17:06.460076
"Sector-25, Chandigarh - CPCC",Chandigarh,30.75,76.76,108.0,99.0,12.0,10.0,27.0,108.0,22.3,55,9.4,302,976.3,12,108.0,2026-02-13T12:17:06.460076
"Sector-2E Kalamboli, Navi Mumbai - MPCB",Navi Mumbai,19.03,73.1,70.0,86.0,16.0,5.0,42.0,86.0,30.0,49,4.6,309,1012.7,12,86.0,2026-02-13T12:17:06.460076
"Sector-3B Avas Vikas Colony, Agra - UPPCB",Agra,27.19,77.96,66.0,100.0,36.0,12.0,10.0,100.0,23.2,55,6.4,286,996.5,12,100.0,2026-02-13T12:17:06.460076
"Sector-51, Gurugram - HSPCB",Gurugram,28.42,77.07,246.0,196.0,9.0,7.0,65.0,246.0,22.4,51,8.6,292,989.4,12,246.0,2026-02-13T12:17:06.460076
"Sector-53, Chandigarh - CPCC",Chandigarh,30.72,76.74,53.0,60.0,52.0,11.0,62.0,62.0,22.4,55,9.4,302,977.1,12,62.0,2026-02-13T12:17:06.460076
"Sector-6, Panchkula - HSPCB ",Panchkula,30.71,76.85,79.0,0.0,25.0,0.0,22.0,79.0,22.4,52,9.7,297,974.9,12,79.0,2026-02-13T12:17:06.460076
"Sector-7, Kurukshetra - HSPCB",Kurukshetra,29.97,76.88,91.0,114.0,18.0,2.0,20.0,114.0,21.2,64,7.9,294,986.0,12,114.0,2026-02-13T12:17:06.460076
"Sector-D Industrial Area, Mandideep - MPPCB",Mandideep,23.11,77.51,279.0,169.0,96.0,19.0,60.0,279.0,27.9,42,0.8,117,965.7,12,279.0,2026-02-13T12:17:06.460076
"Sewri, Mumbai - BMC",Mumbai,19.0,72.86,0.0,117.0,0.0,0.0,0.0,117.0,26.3,70,6.5,304,1011.9,12,117.0,2026-02-13T12:17:06.460076
"Shadipur, Delhi - CPCB",Delhi,28.65,77.15,265.0,159.0,72.0,16.0,26.0,265.0,21.3,61,7.4,284,990.5,12,265.0,2026-02-13T12:17:06.460076
"Shahjahan Garden, Agra - UPPCB",Agra,27.17,78.04,35.0,129.0,13.0,38.0,14.0,129.0,23.3,58,6.0,287,997.3,12,129.0,2026-02-13T12:17:06.460076
"Shasthri Nagar, Ratlam - IPCA Lab",Ratlam,23.33,75.05,78.0,115.0,23.0,36.0,0.0,115.0,28.2,45,6.2,126,961.0,12,115.0,2026-02-13T12:17:06.460076
"Shastri Nagar, Chittorgarh - RSPCB",Chittorgarh,24.89,74.62,126.0,119.0,48.0,36.0,28.0,126.0,26.8,49,3.3,186,970.6,12,126.0,2026-02-13T12:17:06.460076
"Shastri Nagar, Jaipur - RSPCB",Jaipur,26.95,75.73,107.0,105.0,63.0,24.0,65.0,107.0,26.6,29,9.0,265,966.4,12,107.0,2026-02-13T12:17:06.460076
"Shastri Nagar, Narnaul - HSPCB",Narnaul,28.06,76.11,96.0,83.0,61.0,4.0,55.0,96.0,23.9,40,7.2,297,981.6,12,96.0,2026-02-13T12:17:06.460076
"Shastri Nagar, Tonk - RSPCB",Tonk,26.16,75.78,178.0,198.0,40.0,5.0,38.0,198.0,24.8,62,3.8,221,984.4,12,198.0,2026-02-13T12:17:06.460076
"Shastripuram, Agra - UPPCB",Agra,27.2,77.92,49.0,58.0,55.0,39.0,13.0,58.0,23.3,58,5.5,281,996.7,12,58.0,2026-02-13T12:17:06.460076
"Shivaji Nagar, Jhansi - UPPCB",Jhansi,25.45,78.6,0.0,90.0,6.0,20.0,20.0,90.0,26.8,46,5.4,250,988.3,12,90.0,2026-02-13T12:17:06.460076
"Shivaji Nagar, Mumbai - BMC",Mumbai,19.06,72.92,72.0,0.0,0.0,16.0,34.0,72.0,26.3,70,6.5,304,1012.5,12,72.0,2026-02-13T12:17:06.460076
"Shivaji Nagar, Rishikesh - UKPCB",Rishikesh,30.08,78.29,2.0,49.0,19.0,1.0,38.0,81.0,23.4,60,9.6,214,976.7,12,81.0,2026-02-13T12:17:06.460076
"Shivaji University, Kolhapur - MPCB",Kolhapur,16.69,74.25,44.0,77.0,53.0,5.0,45.0,77.0,28.5,30,14.7,107,950.7,12,77.0,2026-02-13T12:17:06.460076
"Shivapura_Peenya, Bengaluru - KSPCB",Bengaluru,13.02,77.51,0.0,89.0,18.0,6.0,40.0,89.0,28.9,21,14.4,89,914.4,12,89.0,2026-02-13T12:17:06.460076
"Shivneri Colony, Amravati - MPCB",Amravati,20.94,77.79,101.0,102.0,18.0,10.0,21.0,102.0,31.2,33,7.7,139,973.7,12,102.0,2026-02-13T12:17:06.460076
"Shri Shivaji Science College, Amravati - MPCB",Amravati,20.94,77.77,109.0,127.0,28.0,28.0,44.0,127.0,31.2,33,7.7,139,974.3,12,127.0,2026-02-13T12:17:06.460076
"Shrinath Puram, Kota - RSPCB",Kota,25.14,75.82,143.0,114.0,9.0,18.0,89.0,143.0,26.7,44,2.3,162,982.6,12,143.0,2026-02-13T12:17:06.460076
"Shrivastav Colony, Damoh - MPPCB",Damoh,23.82,79.45,0.0,0.0,0.0,0.0,15.0,15.0,26.1,48,0.5,225,968.2,12,15.0,2026-02-13T12:17:06.460076
"Shyam Nagar, Palwal - HSPCB",Palwal,28.15,77.33,51.0,57.0,24.0,14.0,38.0,57.0,21.7,60,7.5,287,993.8,12,57.0,2026-02-13T12:17:06.460076
"Siddharth Nagar-Worli, Mumbai - IITM",Mumbai,19.0,72.81,100.0,120.0,0.0,0.0,49.0,120.0,26.3,70,6.5,304,1013.3,12,120.0,2026-02-13T12:17:06.460076
"Sidhi Vinayak Nagar, Ulhasnagar - MPCB",Ulhasnagar,19.24,73.16,119.0,124.0,25.0,11.0,23.0,124.0,32.8,36,1.9,22,1011.0,12,124.0,2026-02-13T12:17:06.460076
"Sikulpuikawn, Aizawl - Mizoram PCB",Aizawl,23.72,92.72,57.0,55.0,0.0,16.0,3.0,57.0,23.9,28,4.4,325,897.5,12,57.0,2026-02-13T12:17:06.460076
"Silk Board, Bengaluru - KSPCB",Bengaluru,12.92,77.62,58.0,100.0,56.0,3.0,30.0,100.0,29.7,20,14.0,89,917.9,12,100.0,2026-02-13T12:17:06.460076
"Siltara Phase-II, Raipur - CECB",Raipur,21.37,81.66,63.0,118.0,33.0,3.0,35.0,118.0,29.2,34,5.4,86,983.8,12,118.0,2026-02-13T12:17:06.460076
"Sinchan Bhavan, Kolhapur - MPCB",Kolhapur,16.71,74.24,51.0,74.0,46.0,6.0,7.0,74.0,28.6,30,14.7,107,952.1,12,74.0,2026-02-13T12:17:06.460076
"Sion, Mumbai - MPCB",Mumbai,19.05,72.87,102.0,0.0,32.0,0.0,0.0,102.0,26.3,70,6.5,304,1013.0,12,102.0,2026-02-13T12:17:06.460076
"Sirifort, Delhi - CPCB",Delhi,28.55,77.22,202.0,216.0,30.0,32.0,56.0,216.0,21.4,55,7.5,287,990.6,12,216.0,2026-02-13T12:17:06.460076
"Sneh Nagar, Nanded - MPCB",Nanded,19.17,77.3,119.0,103.0,16.0,3.0,22.0,119.0,31.0,33,5.6,130,973.2,12,119.0,2026-02-13T12:17:06.460076
"Somajiguda, Hyderabad - TSPCB",Hyderabad,17.42,78.46,60.0,91.0,18.0,20.0,14.0,91.0,29.5,30,11.3,107,955.7,12,91.0,2026-02-13T12:17:06.460076
"Sonia Vihar, Delhi - DPCC",Delhi,28.71,77.25,214.0,157.0,49.0,38.0,102.0,214.0,21.4,60,7.3,281,992.3,12,214.0,2026-02-13T12:17:06.460076
"Sri Aurobindo Marg, Delhi - DPCC",Delhi,28.53,77.19,111.0,123.0,91.0,9.0,47.0,123.0,21.3,55,7.5,287,988.4,12,123.0,2026-02-13T12:17:06.460076
"Stuart Hill, Madikeri - KSPCB",Madikeri,12.42,75.74,0.0,34.0,0.0,7.0,14.0,34.0,28.2,35,13.0,90,890.2,12,34.0,2026-02-13T12:17:06.460076
"Subash Chowk, Churu - RSPCB",Churu,28.3,74.96,79.0,115.0,31.0,8.0,39.0,115.0,23.5,41,5.4,290,983.0,12,115.0,2026-02-13T12:17:06.460076
"Suhagi, Jabalpur - JMC",Jabalpur,23.22,79.96,0.0,89.0,52.0,20.0,58.0,89.0,26.9,44,2.1,301,971.8,12,89.0,2026-02-13T12:17:06.460076
"Suryakiran Bhawan NCL, Singrauli - MPPCB",Singrauli,24.11,82.65,225.0,191.0,0.0,59.0,61.0,225.0,27.5,33,11.6,300,981.6,12,225.0,2026-02-13T12:17:06.460076
"T T Nagar, Bhopal - MPPCB",Bhopal,23.23,77.4,71.0,109.0,32.0,20.0,42.0,109.0,27.5,42,0.8,297,955.5,12,109.0,2026-02-13T12:17:06.460076
"Talcher Coalfields,Talcher - OSPCB",Talcher,20.94,85.17,179.0,238.0,65.0,17.0,34.0,238.0,29.7,38,8.6,90,1002.8,12,238.0,2026-02-13T12:17:06.460076
"Talkatora District Industries Center, Lucknow - CPCB",Lucknow,26.83,80.89,94.0,122.0,45.0,10.0,49.0,122.0,23.3,53,10.1,287,1001.8,12,122.0,2026-02-13T12:17:06.460076
"Tarakpur, Ahmednagar - MPCB",Ahmednagar,19.1,74.73,81.0,107.0,20.0,22.0,43.0,107.0,27.7,40,12.5,139,943.9,12,107.0,2026-02-13T12:17:06.460076
"Tarapur, Silchar - PCBA",Silchar,24.83,92.8,60.0,61.0,24.0,6.0,45.0,61.0,27.5,48,2.5,278,1009.8,12,61.0,2026-02-13T12:17:06.460076
"Tata Township, Bileipada - OSPCB",Bileipada,22.06,85.47,167.0,133.0,11.0,9.0,37.0,167.0,28.7,24,8.7,330,964.7,12,167.0,2026-02-13T12:17:06.460076
"Teri Gram, Gurugram - HSPCB",Gurugram,28.43,77.15,203.0,0.0,0.0,0.0,93.0,203.0,22.2,51,8.6,292,987.0,12,203.0,2026-02-13T12:17:06.460076
"Thavakkara, Kannur - Kerala PCB",Kannur,11.88,75.37,84.0,104.0,15.0,0.0,0.0,104.0,32.0,42,12.9,216,1008.8,12,104.0,2026-02-13T12:17:06.460076
"Thergaon, Pimpri Chinchwad - MPCB",Pimpri-Chinchwad,18.62,73.77,0.0,0.0,71.0,4.0,58.0,71.0,30.0,31,13.8,97,951.8,12,71.0,2026-02-13T12:17:06.460076
"Thimmalapura, Tumakuru - KSPCB",Tumakuru,13.38,77.1,123.0,133.0,32.0,26.0,54.0,133.0,29.1,21,14.8,76,925.1,12,133.0,2026-02-13T12:17:06.460076
"Toll Gate, Tirumala - APPCB",Tirumala,13.67,79.35,52.0,57.0,29.0,14.0,18.0,57.0,24.9,32,12.7,75,914.0,12,57.0,2026-02-13T12:17:06.460076
"Tondare-Taloja, Navi Mumbai - MPCB",Navi Mumbai,19.06,73.12,113.0,124.0,39.0,4.0,20.0,124.0,29.9,49,4.6,309,1011.9,12,124.0,2026-02-13T12:17:06.460076
"Town Hall, Munger - BSPCB",Munger,25.38,86.47,87.0,67.0,5.0,30.0,0.0,87.0,25.3,54,7.8,292,1009.7,12,87.0,2026-02-13T12:17:06.460076
"Transport Nagar, Moradabad - UPPCB",Moradabad,28.8,78.75,46.0,66.0,30.0,40.0,67.0,67.0,21.0,68,7.6,267,993.7,12,67.0,2026-02-13T12:17:06.460076
"Transport Nagar-Nigdi, Pune - IITM",Pune,18.66,73.76,144.0,123.0,63.0,0.0,62.0,144.0,29.8,31,13.8,97,947.5,12,144.0,2026-02-13T12:17:06.460076
"Trivenidevi Bhalotia College, Asansol - WBPCB",Asansol,23.62,87.12,116.0,102.0,32.0,9.0,91.0,116.0,28.0,30,7.9,344,1002.8,12,116.0,2026-02-13T12:17:06.460076
"Udyogamandal, Eloor - Kerala PCB",Eloor,10.07,76.3,161.0,92.0,8.0,1.0,0.0,161.0,29.3,60,8.7,253,1009.8,12,161.0,2026-02-13T12:17:06.460076
"Upvan Fort, Thane - MPCB",Thane,19.22,72.96,40.0,104.0,37.0,18.0,26.0,104.0,31.8,38,4.2,329,1007.9,12,104.0,2026-02-13T12:17:06.460076
"Urban Estate-II, Hisar - HSPCB",Hisar,29.14,75.74,49.0,80.0,27.0,12.0,37.0,80.0,22.4,50,5.8,292,991.6,12,80.0,2026-02-13T12:17:06.460076
"Urban, Chamarajanagar - KSPCB",Chamarajanagar,11.55,76.56,35.0,57.0,30.0,0.0,22.0,57.0,34.2,31,6.6,257,915.2,12,57.0,2026-02-13T12:17:06.460076
"Urja Nagar, Korba - CECB",Korba,22.35,82.55,0.0,0.0,0.0,0.0,0.0,26.0,30.0,24,4.7,302,977.9,12,26.0,2026-02-13T12:17:06.460076
"Vasundhara Nagar_UIT, Bhiwadi - RSPCB",Bhiwadi,28.21,76.83,225.0,186.0,57.0,11.0,46.0,225.0,22.6,51,8.2,293,987.0,12,225.0,2026-02-13T12:17:06.460076
"Vasundhara, Ghaziabad - UPPCB",Ghaziabad,28.66,77.36,213.0,158.0,42.0,19.0,29.0,213.0,22.0,52,7.1,285,992.4,12,213.0,2026-02-13T12:17:06.460076
"Vedhaynath Colony, Sirohi - RSPCB",Sirohi,24.89,72.86,0.0,67.0,36.0,9.0,28.0,67.0,29.1,34,6.8,342,981.3,12,67.0,2026-02-13T12:17:06.460076
"Velachery Res. Area, Chennai - CPCB",Chennai,13.01,80.24,0.0,0.0,14.0,7.0,0.0,14.0,29.7,53,11.2,42,1013.1,12,14.0,2026-02-13T12:17:06.460076
"Vibhab Nagar, Firozabad - UPPCB",Firozabad,27.16,78.4,43.0,38.0,15.0,19.0,16.0,43.0,22.8,59,6.4,286,996.9,12,43.0,2026-02-13T12:17:06.460076
"Victoria, Kolkata - WBPCB",Kolkata,22.54,88.34,154.0,145.0,69.0,19.0,42.0,154.0,26.7,46,7.5,343,1013.7,12,154.0,2026-02-13T12:17:06.460076
"Vidayagiri, Bagalkot - KSPCB",Bagalkot,16.17,75.66,35.0,46.0,12.0,7.0,24.0,46.0,30.3,26,15.9,87,954.1,12,46.0,2026-02-13T12:17:06.460076
"Vidhyanagar, Bhavnagar - Nexteng Enviro",Bhavnagar,21.76,72.14,0.0,219.0,63.0,39.0,124.0,219.0,29.0,46,9.0,2,1010.5,12,219.0,2026-02-13T12:17:06.460076
"Vijay Nagar, Ramanagara - KSPCB",Ramanagara,12.73,77.3,45.0,0.0,55.0,14.0,28.0,55.0,31.0,22,13.7,90,937.3,12,55.0,2026-02-13T12:17:06.460076
"Vijay Nagar, Sangli - MPCB",Sangli,16.5,74.36,0.0,0.0,0.0,0.0,0.0,34.0,29.1,29,13.7,92,949.5,12,34.0,2026-02-13T12:17:06.460076
"Vikas Sadan, Gurugram - HSPCB",Gurugram,28.45,77.03,0.0,202.0,26.0,5.0,98.0,202.0,21.8,58,7.5,287,990.3,12,202.0,2026-02-13T12:17:06.460076
"Vile Parle West, Mumbai - MPCB",Mumbai,19.11,72.84,0.0,115.0,11.0,49.0,24.0,115.0,26.3,70,6.5,304,1012.1,12,115.0,2026-02-13T12:17:06.460076
"Vinoba Nagara, Shivamogga - KSPCB",Shivamogga,13.94,75.56,42.0,60.0,22.0,5.0,0.0,60.0,30.3,34,18.7,90,948.6,12,60.0,2026-02-13T12:17:06.460076
"Vivek Vihar, Delhi - DPCC",Delhi,28.67,77.32,212.0,152.0,56.0,15.0,62.0,212.0,22.0,52,7.1,285,992.4,12,212.0,2026-02-13T12:17:06.460076
"Ward-32 Bapupara, Siliguri - WBPCB",Siliguri,26.69,88.42,113.0,131.0,18.0,16.0,53.0,131.0,22.8,58,9.1,187,1001.3,12,131.0,2026-02-13T12:17:06.460076
"Wazirpur, Delhi - DPCC",Delhi,28.7,77.17,217.0,185.0,137.0,8.0,87.0,217.0,21.2,62,7.3,281,990.9,12,217.0,2026-02-13T12:17:06.460076
"Womens College_City Center, Durgapur - WBPCB",Durgapur,23.55,87.3,98.0,137.0,30.0,27.0,66.0,137.0,28.9,29,9.5,349,1004.0,12,137.0,2026-02-13T12:17:06.460076
"Yamunapuram, Bulandshahr - UPPCB",Bulandshahr,28.41,77.85,94.0,146.0,64.0,16.0,65.0,146.0,20.8,67,7.3,279,992.5,12,146.0,2026-02-13T12:17:06.460076
"Yerramukkapalli, Kadapa - APPCB",Kadapa,14.47,78.82,77.0,74.0,20.0,18.0,37.0,77.0,30.7,29,11.2,86,999.3,12,77.0,2026-02-13T12:17:06.460076
"Zero Point GICI, Gangtok - SSPCB",Gangtok,27.34,88.61,67.0,63.0,6.0,1.0,14.0,67.0,16.7,57,7.3,160,843.3,12,67.0,2026-02-13T12:17:06.460076
"Zoo Park, Hyderabad - TSPCB",Hyderabad,17.35,78.45,117.0,129.0,10.0,4.0,19.0,129.0,29.7,30,11.3,107,958.4,12,129.0,2026-02-13T12:17:06.460076
